,higher_no,Walc,address_U,school_MS,Fedu,class_mat,Mjob_health,G3,failures,internet_yes,internet_no,Mjob_at_home,class_por,higher_yes,studytime,Dalc,address_R,Medu,Fjob_teacher,traveltime,reason_reputation,age,school_GP
0,0,1,1,0,4,1,0,6,0,0,1,1,0,1,2,1,0,4,1,2,0,0.5,1
1,0,1,1,0,1,1,0,6,0,1,0,1,0,1,2,1,0,1,0,1,0,0.33333333333333304,1
2,0,3,1,0,1,1,0,10,3,1,0,1,0,1,2,2,0,1,0,1,0,0.0,1
3,0,1,1,0,2,1,1,15,0,1,0,0,0,1,3,1,0,4,0,1,0,0.0,1
4,0,2,1,0,3,1,0,10,0,0,1,0,0,1,2,1,0,3,0,1,0,0.16666666666666652,1
5,0,2,1,0,3,1,0,15,0,1,0,0,0,1,2,1,0,4,0,1,1,0.16666666666666652,1
6,0,1,1,0,2,1,0,11,0,1,0,0,0,1,2,1,0,2,0,1,0,0.16666666666666652,1
7,0,1,1,0,4,1,0,6,0,0,1,0,0,1,2,1,0,4,1,2,0,0.33333333333333304,1
8,0,1,1,0,2,1,0,19,0,1,0,0,0,1,2,1,0,3,0,1,0,0.0,1
9,0,1,1,0,4,1,0,15,0,1,0,0,0,1,2,1,0,3,0,1,0,0.0,1
10,0,2,1,0,4,1,0,9,0,1,0,0,0,1,2,1,0,4,0,1,1,0.0,1
11,0,1,1,0,1,1,0,12,0,1,0,0,0,1,3,1,0,2,0,3,1,0.0,1
12,0,3,1,0,4,1,1,14,0,1,0,0,0,1,1,1,0,4,0,1,0,0.0,1
13,0,2,1,0,3,1,0,11,0,1,0,0,0,1,2,1,0,4,0,2,0,0.0,1
14,0,1,1,0,2,1,0,16,0,1,0,0,0,1,3,1,0,2,0,1,0,0.0,1
15,0,2,1,0,4,1,1,14,0,1,0,0,0,1,1,1,0,4,0,1,0,0.16666666666666652,1
16,0,2,1,0,4,1,0,14,0,1,0,0,0,1,3,1,0,4,0,1,1,0.16666666666666652,1
17,0,1,1,0,3,1,0,10,0,0,1,0,0,1,2,1,0,3,0,3,1,0.16666666666666652,1
18,0,4,1,0,2,1,0,5,3,1,0,0,0,1,1,2,0,3,0,1,0,0.33333333333333304,1
19,0,3,1,0,3,1,1,10,0,1,0,0,0,1,1,1,0,4,0,1,0,0.16666666666666652,1
20,0,1,1,0,3,1,0,15,0,1,0,0,0,1,2,1,0,4,0,1,1,0.0,1
21,0,1,1,0,4,1,1,15,0,1,0,0,0,1,1,1,0,4,0,1,0,0.0,1
22,0,3,1,0,2,1,0,16,0,1,0,0,0,1,2,1,0,4,0,1,0,0.16666666666666652,1
23,0,4,1,0,2,1,0,12,0,1,0,0,0,1,2,2,0,2,0,2,1,0.16666666666666652,1
24,0,1,0,0,4,1,0,8,0,1,0,0,0,1,3,1,1,2,0,1,0,0.0,1
25,0,3,1,0,2,1,0,8,2,1,0,0,0,1,1,1,0,2,0,1,0,0.16666666666666652,1
26,0,2,1,0,2,1,0,11,0,1,0,0,0,1,1,1,0,2,0,1,0,0.0,1
27,0,4,1,0,2,1,1,15,0,1,0,0,0,1,1,2,0,4,0,1,0,0.0,1
28,0,1,1,0,4,1,0,11,0,1,0,0,0,1,2,1,0,3,0,1,0,0.16666666666666652,1
29,0,5,1,0,4,1,0,11,0,1,0,0,0,1,2,5,0,4,1,1,0,0.16666666666666652,1
30,0,4,1,0,4,1,1,12,0,1,0,0,0,1,2,3,0,4,0,1,0,0.0,1
31,0,1,1,0,4,1,0,17,0,1,0,0,0,1,2,1,0,4,0,2,1,0.0,1
32,0,1,0,0,3,1,0,16,0,1,0,0,0,1,2,1,1,4,0,1,0,0.0,1
33,0,1,1,0,3,1,0,12,0,1,0,0,0,1,2,1,0,3,0,1,0,0.0,1
34,0,1,1,0,2,1,0,15,0,1,0,0,0,1,1,1,0,3,0,1,0,0.16666666666666652,1
35,0,1,1,0,3,1,0,6,0,0,1,0,0,1,1,1,0,2,0,2,0,0.0,1
36,0,1,1,0,3,1,0,18,0,1,0,0,0,1,3,1,0,4,0,1,0,0.0,1
37,0,1,0,0,4,1,0,15,0,1,0,0,0,1,3,1,1,4,1,2,1,0.16666666666666652,1
38,0,1,0,0,4,1,0,11,0,1,0,0,0,1,3,1,1,3,0,1,0,0.0,1
39,0,1,0,0,2,1,0,13,0,0,1,1,0,1,1,1,1,2,0,1,1,0.0,1
40,0,2,1,0,2,1,0,11,1,1,0,0,0,1,2,1,0,2,0,2,0,0.16666666666666652,1
41,0,4,1,0,4,1,0,12,0,1,0,0,0,1,1,2,0,4,0,1,0,0.0,1
42,0,1,1,0,4,1,0,18,0,1,0,0,0,1,2,1,0,4,1,1,0,0.0,1
43,0,1,1,0,2,1,0,11,0,1,0,0,0,1,1,1,0,2,0,1,0,0.0,1
44,0,2,1,0,2,1,0,9,1,1,0,0,0,1,2,2,0,2,0,2,0,0.16666666666666652,1
45,0,1,1,0,3,1,0,6,0,1,0,0,0,1,2,1,0,4,0,1,0,0.0,1
46,0,4,1,0,3,1,0,11,0,1,0,0,0,1,2,1,0,3,0,1,0,0.16666666666666652,1
47,0,1,1,0,3,1,1,20,0,1,0,0,0,1,4,1,0,4,0,1,1,0.16666666666666652,1
48,0,2,1,0,2,1,0,14,0,0,1,0,0,1,2,2,0,4,0,1,0,0.0,1
49,0,1,1,0,4,1,0,7,1,1,0,0,0,1,2,1,0,4,1,1,0,0.0,1
50,0,3,1,0,2,1,0,13,0,1,0,0,0,1,2,2,0,2,0,3,0,0.16666666666666652,1
51,0,1,1,0,2,1,1,13,0,1,0,0,0,1,2,1,0,4,0,1,0,0.0,1
52,0,4,1,0,2,1,1,10,1,0,1,0,0,1,1,3,0,4,0,2,0,0.0,1
53,0,3,1,0,4,1,0,11,0,1,0,0,0,1,1,2,0,4,0,1,0,0.0,1
54,0,4,1,0,3,1,0,13,0,1,0,0,0,1,1,4,0,3,0,1,0,0.0,1
55,0,1,1,0,1,1,0,10,0,1,0,0,0,1,2,1,0,2,0,1,0,0.16666666666666652,1
56,0,1,1,0,3,1,0,15,0,1,0,0,0,1,2,1,0,4,0,1,1,0.0,1
57,0,1,1,0,4,1,0,15,0,0,1,0,0,1,2,1,0,4,0,1,1,0.0,1
58,0,1,1,0,2,1,0,9,0,1,0,0,0,1,2,1,0,1,0,1,0,0.0,1
59,0,1,1,0,2,1,0,16,0,1,0,0,0,1,2,1,0,4,0,1,0,0.16666666666666652,1
60,0,3,0,0,4,1,1,11,0,0,1,0,0,1,2,2,1,4,1,1,0,0.16666666666666652,1
61,0,5,1,0,1,1,0,11,0,1,0,0,0,1,1,5,0,1,0,4,0,0.16666666666666652,1
62,0,1,1,0,2,1,0,9,0,1,0,0,0,1,2,1,0,1,0,1,1,0.16666666666666652,1
63,0,4,1,0,3,1,0,9,0,1,0,0,0,1,3,2,0,4,0,1,0,0.16666666666666652,1
64,0,4,1,0,3,1,0,10,0,1,0,0,0,1,2,2,0,4,0,1,1,0.0,1
65,0,2,1,0,3,1,0,15,0,1,0,0,0,1,2,1,0,4,0,3,0,0.16666666666666652,1
66,0,5,1,0,4,1,0,12,0,1,0,0,0,1,4,5,0,4,0,1,1,0.0,1
67,0,2,1,0,1,1,0,6,0,1,0,0,0,1,4,1,0,3,0,1,0,0.16666666666666652,1
68,0,3,0,0,2,1,1,8,0,1,0,0,0,1,2,1,1,2,0,2,1,0.0,1
69,0,3,0,0,1,1,0,16,0,1,0,0,0,1,4,2,1,3,0,2,1,0.0,1
70,0,1,1,0,1,1,0,15,0,1,0,0,0,1,4,1,0,3,0,2,1,0.16666666666666652,1
71,0,1,1,0,2,1,0,10,0,1,0,0,0,1,4,1,0,4,0,1,0,0.0,1
72,0,4,0,0,1,1,0,5,2,1,0,0,0,1,2,2,1,1,0,1,1,0.0,1
73,0,2,1,0,1,1,0,14,0,0,1,0,0,1,1,2,0,3,0,1,1,0.16666666666666652,1
74,0,4,1,0,3,1,0,11,0,1,0,0,0,1,2,2,0,3,0,1,0,0.16666666666666652,1
75,0,3,1,0,3,1,0,10,0,1,0,0,0,1,2,2,0,4,0,1,0,0.0,1
76,0,1,1,0,0,1,0,10,0,1,0,0,0,1,4,1,0,4,0,2,0,0.0,1
77,0,3,1,0,2,1,0,11,0,1,0,0,0,1,4,1,0,2,0,1,1,0.16666666666666652,1
78,1,1,1,0,1,1,0,10,3,1,0,0,0,0,1,1,0,2,0,2,0,0.33333333333333304,1
79,0,2,1,0,4,1,0,5,0,1,0,1,0,1,2,1,0,3,0,1,0,0.16666666666666652,1
80,0,3,1,0,3,1,0,12,0,1,0,0,0,1,1,1,0,2,0,1,0,0.0,1
81,0,2,1,0,3,1,0,11,0,1,0,0,0,1,3,1,0,2,0,1,0,0.0,1
82,0,1,1,0,2,1,0,6,0,1,0,0,0,1,2,1,0,3,0,1,1,0.0,1
83,0,3,1,0,2,1,0,15,0,1,0,0,0,1,2,1,0,2,0,2,0,0.0,1
84,0,3,1,0,1,1,0,10,0,1,0,0,0,1,2,2,0,1,0,1,0,0.0,1
85,0,3,1,0,4,1,0,8,2,1,0,0,0,1,2,2,0,4,0,2,1,0.0,1
86,0,2,1,0,2,1,0,6,0,0,1,1,0,1,2,1,0,2,0,1,0,0.16666666666666652,1
87,0,3,1,0,2,1,0,14,0,1,0,0,0,1,3,1,0,4,0,1,1,0.0,1
88,0,1,1,0,2,1,0,10,1,1,0,0,0,1,2,1,0,2,0,2,1,0.16666666666666652,1
89,0,5,1,0,4,1,0,7,0,0,1,0,0,1,2,3,0,4,0,1,1,0.16666666666666652,1
90,0,3,1,0,3,1,0,8,0,1,0,0,0,1,3,1,0,3,0,1,0,0.16666666666666652,1
91,0,3,1,0,3,1,0,18,0,1,0,0,0,1,1,1,0,4,0,1,1,0.0,1
92,0,3,1,0,1,1,0,6,0,0,1,0,0,1,2,2,0,3,0,1,0,0.16666666666666652,1
93,0,1,1,0,2,1,0,10,0,1,0,0,0,1,2,1,0,4,0,2,0,0.16666666666666652,1
94,0,1,1,0,2,1,0,14,0,1,0,0,0,1,4,1,0,2,0,1,1,0.0,1
95,0,1,0,0,1,1,0,10,1,1,0,1,0,1,4,1,1,1,0,2,0,0.0,1
96,0,1,0,0,3,1,0,15,0,1,0,0,0,1,1,1,1,4,0,2,1,0.16666666666666652,1
97,0,1,1,0,1,1,0,10,0,0,1,0,0,1,2,1,0,2,0,1,0,0.16666666666666652,1
98,0,2,1,0,4,1,0,14,0,1,0,0,0,1,1,1,0,4,0,1,1,0.16666666666666652,1
99,0,1,1,0,3,1,0,8,0,1,0,0,0,1,3,1,0,4,0,1,0,0.16666666666666652,1
100,0,5,1,0,4,1,0,5,0,1,0,0,0,1,1,5,0,4,0,1,0,0.16666666666666652,1
101,0,1,1,0,4,1,0,17,0,1,0,0,0,1,3,1,0,4,1,1,0,0.16666666666666652,1
102,0,1,1,0,4,1,0,14,0,1,0,0,0,1,1,1,0,4,0,1,0,0.0,1
103,0,1,1,0,2,1,0,6,0,1,0,0,0,1,2,1,0,3,0,2,0,0.0,1
104,0,1,1,0,4,1,0,18,0,1,0,0,0,1,2,1,0,3,0,1,0,0.0,1
105,0,1,1,0,3,1,0,11,0,0,1,0,0,1,4,1,0,3,0,1,1,0.0,1
106,0,1,1,0,2,1,0,8,0,1,0,0,0,1,4,1,0,2,0,1,0,0.0,1
107,0,1,1,0,3,1,0,18,0,1,0,0,0,1,3,1,0,3,0,1,0,0.16666666666666652,1
108,0,5,0,0,4,1,0,13,0,1,0,0,0,1,4,3,1,4,0,4,0,0.0,1
109,0,1,1,0,4,1,1,16,0,1,0,0,0,1,3,1,0,4,0,1,0,0.16666666666666652,1
110,0,1,1,0,4,1,0,19,0,1,0,0,0,1,1,1,0,4,1,1,0,0.0,1
111,0,1,0,0,3,1,0,10,1,1,0,0,0,1,3,1,1,3,0,1,1,0.16666666666666652,1
112,0,1,1,0,2,1,0,13,1,1,0,1,0,1,2,1,0,2,0,1,0,0.16666666666666652,1
113,0,1,1,0,2,1,0,19,0,1,0,0,0,1,1,1,0,4,0,1,0,0.0,1
114,0,1,0,0,1,1,1,9,0,1,0,0,0,1,2,1,1,2,0,1,1,0.0,1
115,0,2,1,0,4,1,0,16,0,1,0,0,0,1,2,1,0,4,1,1,0,0.16666666666666652,1
116,0,1,1,0,4,1,0,14,0,0,1,0,0,1,2,1,0,4,1,2,1,0.0,1
117,0,1,1,0,3,1,0,13,0,1,0,0,0,1,1,1,0,3,0,2,0,0.16666666666666652,1
118,0,4,0,0,3,1,0,8,1,1,0,0,0,1,2,1,1,1,0,3,0,0.33333333333333304,1
119,0,2,1,0,4,1,0,13,0,1,0,0,0,1,1,1,0,3,0,1,1,0.0,1
120,0,2,1,0,2,1,0,15,0,1,0,1,0,1,2,1,0,1,0,1,0,0.0,1
121,0,2,1,0,2,1,0,15,0,1,0,0,0,1,4,1,0,2,0,1,0,0.0,1
122,0,2,1,0,4,1,0,13,0,1,0,0,0,1,2,1,0,2,0,2,0,0.16666666666666652,1
123,0,4,1,0,4,1,1,13,0,1,0,0,0,1,1,1,0,4,0,1,0,0.16666666666666652,1
124,0,1,1,0,2,1,0,8,0,1,0,0,0,1,2,1,0,2,0,1,0,0.16666666666666652,1
125,0,2,1,0,4,1,0,12,0,1,0,0,0,1,1,3,0,3,0,1,0,0.0,1
126,0,1,1,0,4,1,0,11,0,1,0,0,0,1,2,1,0,3,0,1,0,0.0,1
127,1,1,1,0,1,1,0,9,3,0,1,1,0,0,2,1,0,0,0,1,0,0.6666666666666665,1
128,0,2,0,0,2,1,0,0,2,1,0,0,0,1,1,1,1,2,0,1,1,0.5,1
129,0,5,0,0,4,1,0,18,0,1,0,0,0,1,1,2,1,4,1,1,0,0.16666666666666652,1
130,0,2,0,0,4,1,0,0,2,1,0,0,0,1,3,2,1,3,1,2,0,0.0,1
131,0,2,1,0,1,1,0,0,0,1,0,1,0,1,1,1,0,1,0,3,0,0.0,1
132,0,3,1,0,2,1,0,12,0,1,0,0,0,1,1,1,0,2,0,1,0,0.33333333333333304,1
133,0,4,1,0,4,1,0,11,0,1,0,0,0,1,1,1,0,3,0,1,0,0.16666666666666652,1
134,0,1,0,0,4,1,0,0,0,0,1,1,0,1,2,1,1,3,1,4,0,0.0,1
135,0,1,1,0,4,1,0,0,0,1,0,0,0,1,3,1,0,4,0,1,0,0.0,1
136,0,4,0,0,4,1,0,0,0,0,1,1,0,1,2,2,1,3,0,3,0,0.33333333333333304,1
137,0,1,1,0,3,1,0,0,2,1,0,0,0,1,1,1,0,3,0,2,0,0.16666666666666652,1
138,0,3,1,0,1,1,0,12,1,0,1,0,0,1,2,1,0,1,0,1,0,0.16666666666666652,1
139,0,1,1,0,4,1,0,15,0,1,0,0,0,1,1,1,0,4,1,2,0,0.0,1
140,0,1,1,0,3,1,0,0,0,1,0,0,0,1,4,1,0,4,0,2,0,0.0,1
141,0,2,1,0,2,1,0,9,2,1,0,0,0,1,1,2,0,2,0,2,1,0.16666666666666652,1
142,0,1,1,0,4,1,0,11,0,1,0,0,0,1,3,1,0,4,0,1,0,0.0,1
143,0,3,1,0,1,1,0,13,0,1,0,1,0,1,1,3,0,1,0,1,0,0.16666666666666652,1
144,0,2,1,0,1,1,0,0,3,1,0,0,0,1,1,1,0,2,0,1,0,0.33333333333333304,1
145,0,2,1,0,1,1,0,11,0,1,0,0,0,1,2,1,0,1,0,1,0,0.0,1
146,0,1,1,0,2,1,1,0,3,1,0,0,0,1,2,1,0,3,0,1,0,0.0,1
147,0,1,1,0,2,1,0,11,0,1,0,1,0,1,2,1,0,1,0,1,0,0.0,1
148,1,1,1,0,4,1,0,0,0,1,0,0,0,0,1,2,0,4,1,1,0,0.16666666666666652,1
149,0,5,1,0,1,1,0,10,3,1,0,0,0,1,1,2,0,2,0,4,0,0.0,1
150,1,5,1,0,1,1,0,0,3,1,0,0,0,0,1,2,0,1,0,1,0,0.5,1
151,0,5,1,0,1,1,0,14,1,0,1,1,0,1,1,3,0,2,0,1,0,0.16666666666666652,1
152,0,3,0,0,3,1,0,10,2,1,0,0,0,1,3,2,1,3,0,2,1,0.0,1
153,1,1,1,0,2,1,0,0,3,1,0,0,0,0,1,1,0,3,0,1,0,0.6666666666666665,1
154,0,1,1,0,4,1,0,12,0,0,1,0,0,1,1,1,0,4,1,1,0,0.33333333333333304,1
155,0,1,0,0,3,1,0,8,0,0,1,1,0,1,2,1,1,2,0,1,0,0.0,1
156,0,3,0,0,2,1,0,13,0,0,1,0,0,1,1,3,1,1,0,1,1,0.33333333333333304,1
157,0,5,0,0,1,1,0,10,3,0,1,1,0,1,1,1,1,1,0,3,0,0.5,1
158,0,2,0,0,2,1,0,15,0,0,1,1,0,1,1,1,1,2,0,3,0,0.16666666666666652,1
159,0,4,1,0,3,1,0,12,1,1,0,0,0,1,2,4,0,3,0,1,0,0.16666666666666652,1
160,1,2,0,0,1,1,0,0,2,1,0,1,0,0,1,2,1,2,0,2,0,0.33333333333333304,1
161,0,4,0,0,2,1,0,7,2,1,0,0,0,1,2,1,1,3,0,2,0,0.0,1
162,0,4,1,0,2,1,0,0,1,0,1,0,0,1,1,2,0,1,0,2,0,0.16666666666666652,1
163,1,4,1,0,3,1,0,10,0,1,0,1,0,0,1,1,0,1,0,1,0,0.33333333333333304,1
164,1,5,0,0,1,1,0,7,3,0,1,0,0,0,2,1,1,1,0,4,0,0.33333333333333304,1
165,1,1,1,0,2,1,0,12,1,0,1,0,0,0,1,1,0,3,0,2,0,0.16666666666666652,1
166,1,4,1,0,2,1,0,10,0,1,0,0,0,0,2,2,0,2,0,1,0,0.16666666666666652,1
167,0,1,1,0,2,1,1,16,0,1,0,0,0,1,2,1,0,4,0,1,0,0.16666666666666652,1
168,0,1,1,0,2,1,0,0,0,1,0,0,0,1,2,1,0,2,0,1,0,0.16666666666666652,1
169,0,1,1,0,4,1,1,14,0,1,0,0,0,1,2,1,0,4,0,1,1,0.16666666666666652,1
170,0,4,1,0,4,1,0,0,2,1,0,0,0,1,1,2,0,3,0,3,0,0.16666666666666652,1
171,0,1,1,0,0,1,0,16,0,1,0,0,0,1,2,1,0,1,0,2,1,0.16666666666666652,1
172,0,3,1,0,4,1,0,10,0,1,0,0,0,1,2,1,0,4,0,1,1,0.33333333333333304,1
173,0,1,1,0,3,1,0,0,3,1,0,1,0,1,2,1,0,1,0,1,0,0.16666666666666652,1
174,0,1,1,0,3,1,0,9,0,1,0,0,0,1,2,1,0,3,0,2,1,0.16666666666666652,1
175,0,4,1,0,3,1,0,9,0,1,0,0,0,1,2,4,0,4,0,2,0,0.33333333333333304,1
176,0,4,1,0,2,1,0,11,0,1,0,0,0,1,2,1,0,2,0,2,1,0.16666666666666652,1
177,0,4,1,0,3,1,0,6,0,1,0,0,0,1,2,1,0,3,0,1,1,0.33333333333333304,1
178,0,4,0,0,2,1,0,9,0,1,0,0,0,1,1,3,1,4,0,1,0,0.16666666666666652,1
179,0,1,1,0,3,1,0,11,0,1,0,0,0,1,2,1,0,4,0,1,0,0.33333333333333304,1
180,0,3,1,0,3,1,0,8,0,1,0,0,0,1,2,2,0,4,0,1,0,0.16666666666666652,1
181,0,2,1,0,3,1,0,12,0,1,0,0,0,1,2,1,0,3,0,1,0,0.16666666666666652,1
182,0,3,1,0,4,1,0,17,0,0,1,0,0,1,2,2,0,2,0,1,1,0.33333333333333304,1
183,0,3,1,0,3,1,0,8,0,1,0,0,0,1,2,2,0,3,0,1,1,0.33333333333333304,1
184,0,2,1,0,2,1,0,12,0,1,0,0,0,1,2,1,0,3,0,1,1,0.16666666666666652,1
185,0,3,1,0,3,1,0,11,0,1,0,0,0,1,2,2,0,3,0,1,0,0.33333333333333304,1
186,0,2,1,0,2,1,0,11,0,1,0,0,0,1,1,1,0,1,0,1,0,0.16666666666666652,1
187,0,2,1,0,1,1,0,15,0,1,0,0,0,1,2,1,0,2,0,1,0,0.16666666666666652,1
188,0,3,1,0,3,1,1,9,0,1,0,0,0,1,2,1,0,3,0,1,1,0.33333333333333304,1
189,0,5,0,0,2,1,0,10,0,0,1,1,0,1,2,1,1,1,0,1,0,0.33333333333333304,1
190,0,1,1,0,3,1,0,13,0,1,0,0,0,1,2,1,0,2,0,1,0,0.16666666666666652,1
191,0,1,1,0,1,1,0,9,0,1,0,1,0,1,2,1,0,1,0,1,0,0.33333333333333304,1
192,0,5,1,0,2,1,0,8,0,1,0,1,0,1,2,4,0,1,0,2,0,0.33333333333333304,1
193,0,4,0,0,3,1,0,10,0,1,0,0,0,1,1,3,1,3,0,1,1,0.16666666666666652,1
194,0,1,1,0,3,1,0,14,0,1,0,0,0,1,1,1,0,2,0,2,0,0.16666666666666652,1
195,0,1,1,0,4,1,0,15,0,1,0,0,0,1,2,1,0,2,0,1,0,0.33333333333333304,1
196,0,2,1,0,4,1,0,16,0,1,0,0,0,1,1,1,0,4,1,1,0,0.33333333333333304,1
197,0,5,0,0,3,1,0,10,0,1,0,0,0,1,1,3,1,3,0,3,0,0.16666666666666652,1
198,0,3,1,0,4,1,0,18,1,1,0,0,0,1,1,2,0,4,1,2,0,0.33333333333333304,1
199,0,2,1,0,4,1,0,10,0,1,0,0,0,1,2,1,0,4,1,1,1,0.16666666666666652,1
200,0,5,1,0,3,1,1,16,0,1,0,0,0,1,2,1,0,4,0,1,0,0.16666666666666652,1
201,0,3,1,0,3,1,0,10,0,0,1,0,0,1,2,1,0,2,0,1,1,0.16666666666666652,1
202,0,3,1,0,1,1,0,10,0,0,1,0,0,1,2,1,0,1,0,1,0,0.33333333333333304,1
203,0,2,0,0,2,1,0,6,0,1,0,0,0,1,1,1,1,2,0,1,1,0.33333333333333304,1
204,0,1,0,0,2,1,0,11,0,1,0,0,0,1,4,1,1,2,0,2,1,0.16666666666666652,1
205,0,4,1,0,4,1,0,9,1,1,0,1,0,1,3,3,0,3,0,1,0,0.33333333333333304,1
206,0,2,1,0,1,1,0,7,3,1,0,0,0,1,2,2,0,3,0,1,0,0.16666666666666652,1
207,0,1,1,0,3,1,0,13,0,1,0,0,0,1,2,1,0,4,0,1,0,0.16666666666666652,1
208,0,4,1,0,1,1,0,10,0,0,1,1,0,1,1,1,0,1,0,2,0,0.16666666666666652,1
209,0,1,0,0,3,1,0,7,0,1,0,0,0,1,3,1,1,4,0,2,1,0.33333333333333304,1
210,0,2,1,0,3,1,0,8,0,1,0,0,0,1,4,1,0,3,0,1,1,0.6666666666666665,1
211,0,5,1,0,4,1,0,13,0,1,0,0,0,1,2,4,0,4,0,1,0,0.33333333333333304,1
212,0,1,1,0,2,1,0,14,0,1,0,0,0,1,2,1,0,2,0,1,1,0.16666666666666652,1
213,0,4,1,0,2,1,0,8,1,1,0,0,0,1,2,2,0,2,0,1,0,0.5,1
214,0,2,0,0,4,1,0,10,0,0,1,0,0,1,1,1,1,4,0,1,0,0.33333333333333304,1
215,0,3,1,0,2,1,0,15,0,1,0,0,0,1,2,1,0,3,0,2,1,0.33333333333333304,1
216,0,4,1,0,3,1,0,4,2,1,0,0,0,1,2,2,0,4,0,1,1,0.33333333333333304,1
217,0,4,1,0,3,1,0,8,1,1,0,0,0,1,2,2,0,3,0,1,0,0.5,1
218,0,4,1,0,3,1,0,8,0,0,1,1,0,1,1,1,0,2,0,2,0,0.33333333333333304,1
219,0,1,1,0,2,1,0,10,0,1,0,1,0,1,3,1,0,2,0,1,0,0.33333333333333304,1
220,0,2,0,0,1,1,0,6,0,1,0,1,0,1,2,1,1,2,0,2,1,0.33333333333333304,1
221,0,1,1,0,1,1,0,0,1,0,1,1,0,1,3,1,0,1,0,1,1,0.33333333333333304,1
222,0,1,1,0,3,1,0,17,0,1,0,0,0,1,2,1,0,2,1,1,0,0.16666666666666652,1
223,0,5,1,0,2,1,0,13,0,1,0,0,0,1,2,5,0,2,0,2,0,0.5,1
224,0,1,1,0,4,1,0,14,0,1,0,0,0,1,3,1,0,4,0,1,0,0.16666666666666652,1
225,0,1,0,0,1,1,0,7,1,1,0,0,0,1,2,1,1,3,0,1,1,0.5,1
226,0,3,1,0,2,1,0,15,0,1,0,0,0,1,2,1,0,3,0,1,0,0.33333333333333304,1
227,0,3,1,0,3,1,0,12,0,1,0,0,0,1,2,1,0,2,0,1,1,0.33333333333333304,1
228,0,5,1,0,1,1,0,9,0,1,0,1,0,1,2,4,0,2,0,4,0,0.5,1
229,0,2,1,0,1,1,0,12,0,1,0,0,0,1,3,1,0,2,0,2,0,0.33333333333333304,1
230,0,2,1,0,3,1,1,14,0,1,0,0,0,1,2,1,0,4,0,1,1,0.33333333333333304,1
231,0,1,0,0,2,1,0,11,0,1,0,0,0,1,2,1,1,2,0,2,0,0.33333333333333304,1
232,0,3,1,0,4,1,0,9,0,1,0,0,0,1,2,1,0,4,1,1,1,0.33333333333333304,1
233,0,4,1,0,4,1,1,13,0,1,0,0,0,1,2,2,0,4,0,1,1,0.16666666666666652,1
234,0,1,1,0,1,1,0,6,0,1,0,0,0,1,2,1,0,1,0,2,0,0.16666666666666652,1
235,0,3,1,0,2,1,0,10,0,1,0,1,0,1,3,1,0,3,0,2,1,0.16666666666666652,1
236,0,5,1,0,2,1,0,13,0,1,0,0,0,1,2,5,0,2,0,1,0,0.33333333333333304,1
237,0,1,1,0,1,1,0,12,0,1,0,0,0,1,1,1,0,2,0,1,0,0.16666666666666652,1
238,0,1,0,0,1,1,0,11,0,0,1,1,0,1,2,1,1,2,0,3,0,0.33333333333333304,1
239,1,5,1,0,2,1,0,0,1,1,0,0,0,0,2,3,0,2,0,1,1,0.5,1
240,0,4,1,0,3,1,1,12,0,1,0,0,0,1,2,1,0,4,0,2,0,0.33333333333333304,1
241,0,3,0,0,4,1,0,12,0,1,0,0,0,1,2,2,1,4,0,2,0,0.33333333333333304,1
242,0,1,1,0,3,1,0,0,0,1,0,0,0,1,1,1,0,4,0,1,0,0.16666666666666652,1
243,0,2,1,0,4,1,0,12,0,1,0,0,0,1,1,1,0,4,0,1,0,0.16666666666666652,1
244,0,1,1,0,1,1,0,0,0,1,0,0,0,1,3,1,0,2,0,2,0,0.5,1
245,0,1,1,0,1,1,0,18,0,1,0,0,0,1,1,1,0,2,0,3,0,0.16666666666666652,1
246,0,1,1,0,3,1,0,13,0,1,0,0,0,1,1,1,0,2,0,2,0,0.33333333333333304,1
247,1,5,1,0,1,1,0,8,3,1,0,0,0,0,1,5,0,3,0,1,0,1.0,1
248,0,3,0,0,3,1,0,5,1,1,0,0,0,1,2,1,1,3,0,1,0,0.5,1
249,0,4,1,0,2,1,0,15,0,1,0,0,0,1,1,2,0,0,0,1,0,0.16666666666666652,1
250,1,4,1,0,2,1,0,8,1,1,0,0,0,0,1,2,0,3,0,2,0,0.5,1
251,0,3,1,0,3,1,0,10,0,1,0,1,0,1,2,1,0,3,0,3,1,0.16666666666666652,1
252,1,5,1,0,1,1,0,8,1,1,0,0,0,0,1,2,0,2,0,1,0,0.5,1
253,0,3,0,0,1,1,0,8,0,0,1,0,0,1,1,1,1,2,0,2,0,0.16666666666666652,1
254,0,4,0,0,1,1,0,12,0,1,0,0,0,1,1,2,1,2,0,1,0,0.33333333333333304,1
255,0,2,1,0,1,1,1,8,1,1,0,0,0,1,1,1,0,1,0,2,0,0.33333333333333304,1
256,0,1,1,0,2,1,0,13,0,1,0,0,0,1,4,1,0,4,0,1,1,0.33333333333333304,1
257,0,1,1,0,3,1,0,11,0,1,0,0,0,1,2,1,0,4,0,1,1,0.6666666666666665,1
258,0,2,1,0,1,1,0,14,0,1,0,0,0,1,2,1,0,2,0,1,0,0.5,1
259,0,1,1,0,2,1,0,0,0,1,0,0,0,1,4,1,0,2,0,1,0,0.33333333333333304,1
260,0,3,1,0,3,1,0,18,0,1,0,0,0,1,2,1,0,4,0,1,0,0.5,1
261,0,1,1,0,3,1,0,8,0,1,0,0,0,1,2,1,0,4,0,1,0,0.5,1
262,0,1,0,0,2,1,0,12,0,0,1,0,0,1,3,1,1,3,0,1,0,0.5,1
263,0,1,1,0,3,1,0,9,0,0,1,0,0,1,3,1,0,3,0,1,0,0.33333333333333304,1
264,0,1,1,0,2,1,0,0,0,1,0,1,0,1,3,1,0,2,0,1,0,0.5,1
265,0,4,0,0,4,1,0,17,0,1,0,0,0,1,2,3,1,3,0,2,1,0.5,1
266,0,4,1,0,1,1,0,10,0,1,0,0,0,1,2,3,0,3,0,1,0,0.33333333333333304,1
267,0,2,0,0,4,1,0,11,0,1,0,0,0,1,2,2,1,4,0,2,1,0.5,1
268,0,3,1,0,2,1,1,10,0,1,0,0,0,1,2,1,0,4,0,1,1,0.5,1
269,1,2,0,0,1,1,0,0,0,1,0,0,0,0,2,1,1,2,0,2,1,0.5,1
270,0,3,1,0,3,1,0,9,2,1,0,0,0,1,2,3,0,3,0,1,0,0.6666666666666665,1
271,0,3,1,0,3,1,0,14,0,1,0,0,0,1,4,1,0,2,0,1,1,0.5,1
272,0,1,1,0,1,1,0,11,0,0,1,0,0,1,2,1,0,1,0,2,0,0.5,1
273,0,2,0,0,2,1,0,14,0,0,1,1,0,1,2,2,1,1,0,1,0,0.33333333333333304,1
274,0,1,1,0,4,1,0,10,0,1,0,1,0,1,2,1,0,2,0,2,1,0.33333333333333304,1
275,0,3,1,0,2,1,0,12,0,1,0,0,0,1,2,2,0,2,0,2,0,0.33333333333333304,1
276,1,1,0,0,2,1,0,9,0,1,0,0,0,0,2,1,1,3,0,2,0,0.5,1
277,0,4,1,0,4,1,0,9,0,1,0,0,0,1,1,1,0,4,0,2,0,0.5,1
278,0,1,1,0,4,1,1,8,1,1,0,0,0,1,2,1,0,4,0,1,1,0.5,1
279,0,2,1,0,3,1,0,10,0,1,0,0,0,1,1,1,0,4,0,2,0,0.5,1
280,0,4,1,0,1,1,0,8,0,1,0,0,0,1,1,2,0,4,0,2,0,0.33333333333333304,1
281,0,4,1,0,2,1,0,10,1,1,0,0,0,1,1,3,0,3,0,1,0,0.33333333333333304,1
282,0,1,0,0,1,1,0,12,0,0,1,1,0,1,4,1,1,1,0,2,1,0.5,1
283,0,1,1,0,1,1,0,10,0,1,0,0,0,1,2,1,0,1,0,2,0,0.5,1
284,0,2,1,0,2,1,0,11,0,1,0,0,0,1,2,1,0,2,0,1,0,0.33333333333333304,1
285,0,2,1,0,1,1,0,11,0,1,0,0,0,1,2,1,0,1,0,1,1,0.33333333333333304,1
286,0,2,1,0,2,1,0,19,0,1,0,1,0,1,3,1,0,2,0,1,0,0.5,1
287,0,1,1,0,1,1,0,12,0,1,0,0,0,1,3,1,0,1,1,1,1,0.33333333333333304,1
288,0,3,1,0,1,1,0,14,0,1,0,0,0,1,3,1,0,2,0,1,1,0.5,1
289,0,1,1,0,4,1,0,15,0,1,0,0,0,1,2,1,0,4,1,1,1,0.5,1
290,0,4,1,0,2,1,0,11,0,1,0,0,0,1,2,1,0,4,0,1,0,0.5,1
291,0,2,1,0,3,1,1,15,0,1,0,0,0,1,3,1,0,4,0,1,1,0.33333333333333304,1
292,0,1,1,0,1,1,0,13,1,1,0,0,0,1,2,1,0,2,0,1,1,0.5,1
293,0,1,0,0,1,1,0,18,0,0,1,0,0,1,4,1,1,3,0,2,1,0.33333333333333304,1
294,0,1,0,0,2,1,0,14,0,1,0,0,0,1,3,1,1,3,0,2,1,0.5,1
295,0,3,1,0,3,1,1,11,0,1,0,0,0,1,1,1,0,3,0,1,0,0.33333333333333304,1
296,0,3,1,0,4,1,1,0,0,1,0,0,0,1,2,2,0,4,0,2,1,0.6666666666666665,1
297,0,2,1,0,3,1,0,8,0,1,0,0,0,1,2,1,0,4,0,2,0,0.5,1
298,0,1,1,0,3,1,0,14,0,1,0,0,0,1,4,1,0,4,0,1,1,0.5,1
299,0,2,1,0,4,1,0,16,0,1,0,0,0,1,1,2,0,4,1,1,0,0.5,1
300,0,1,1,0,4,1,1,11,0,1,0,0,0,1,2,1,0,4,0,1,0,0.5,1
301,0,2,1,0,4,1,0,10,0,1,0,0,0,1,1,2,0,4,1,2,0,0.33333333333333304,1
302,0,1,1,0,2,1,0,14,0,1,0,0,0,1,3,1,0,4,0,2,1,0.33333333333333304,1
303,0,2,1,0,2,1,1,18,0,1,0,0,0,1,4,1,0,3,0,1,1,0.33333333333333304,1
304,0,1,1,0,3,1,0,13,1,1,0,0,0,1,2,1,0,3,0,1,0,0.6666666666666665,1
305,0,1,1,0,4,1,0,12,1,1,0,0,0,1,2,1,0,2,0,1,1,0.5,1
306,0,1,1,0,2,1,0,18,0,0,1,0,0,1,1,1,0,3,0,1,0,0.833333333333333,1
307,0,1,1,0,4,1,0,8,1,1,0,0,0,1,1,1,0,4,0,2,1,0.6666666666666665,1
308,0,2,0,0,3,1,0,12,1,0,1,0,0,1,2,1,1,3,0,1,1,0.6666666666666665,1
309,0,3,1,0,1,1,0,10,1,1,0,1,0,1,2,1,0,1,0,1,1,0.6666666666666665,1
310,0,2,1,0,2,1,0,0,1,0,1,0,0,1,2,2,0,1,0,1,0,0.6666666666666665,1
311,1,1,1,0,1,1,0,13,0,1,0,1,0,0,2,1,0,2,0,3,0,0.6666666666666665,1
312,0,2,1,0,2,1,0,11,1,1,0,0,0,1,2,2,0,1,0,1,0,0.6666666666666665,1
313,0,2,1,0,2,1,0,11,1,1,0,0,0,1,2,1,0,3,0,2,1,0.6666666666666665,1
314,0,1,1,0,1,1,0,13,2,1,0,1,0,1,3,1,0,1,0,1,0,0.6666666666666665,1
315,0,1,0,0,3,1,0,11,1,1,0,0,0,1,3,1,1,2,0,1,1,0.6666666666666665,1
316,0,2,1,0,1,1,0,0,0,1,0,0,0,1,2,1,0,2,0,2,0,0.5,1
317,0,1,1,0,3,1,0,9,0,1,0,0,0,1,3,1,0,4,0,1,0,0.5,1
318,0,5,0,0,4,1,0,10,0,1,0,1,0,1,3,2,1,3,0,1,0,0.33333333333333304,1
319,0,3,1,0,4,1,0,11,0,1,0,0,0,1,2,3,0,4,0,1,0,0.5,1
320,0,2,1,0,3,1,0,13,0,1,0,0,0,1,2,1,0,4,0,1,0,0.33333333333333304,1
321,0,1,1,0,2,1,0,9,0,0,1,0,0,1,2,1,0,2,0,1,0,0.33333333333333304,1
322,0,2,0,0,2,1,0,11,0,1,0,0,0,1,3,2,1,2,0,1,0,0.33333333333333304,1
323,0,3,1,0,1,1,0,15,0,1,0,0,0,1,3,2,0,3,0,1,0,0.33333333333333304,1
324,0,3,1,0,2,1,0,15,0,1,0,1,0,1,3,2,0,0,0,2,0,0.33333333333333304,1
325,0,2,1,0,4,1,0,11,0,1,0,0,0,1,3,2,0,4,0,1,0,0.5,1
326,0,5,1,0,3,1,0,16,0,1,0,0,0,1,1,3,0,3,0,1,1,0.33333333333333304,1
327,0,5,0,0,2,1,0,10,0,1,0,0,0,1,1,5,1,2,0,4,0,0.33333333333333304,1
328,0,3,1,0,4,1,0,9,0,1,0,0,0,1,3,1,0,4,0,1,0,0.33333333333333304,1
329,0,2,1,0,4,1,0,14,0,1,0,0,0,1,3,1,0,4,1,2,0,0.33333333333333304,1
330,0,4,1,0,2,1,0,8,0,1,0,0,0,1,4,2,0,2,0,1,0,0.5,1
331,0,1,0,0,4,1,0,14,0,1,0,1,0,1,3,1,1,2,0,1,0,0.33333333333333304,1
332,0,1,1,0,3,1,0,0,0,1,0,0,0,1,2,1,0,3,0,1,0,0.5,1
333,0,1,1,0,2,1,0,0,0,1,0,0,0,1,2,1,0,2,0,1,0,0.5,1
334,0,1,0,0,2,1,0,0,0,0,1,1,0,1,4,1,1,2,0,2,0,0.5,1
335,0,3,1,0,4,1,0,15,0,1,0,0,0,1,3,1,0,3,0,1,0,0.33333333333333304,1
336,0,2,0,0,1,1,0,13,1,0,1,0,0,1,3,1,1,3,0,1,0,0.6666666666666665,1
337,0,3,1,0,2,1,0,0,0,1,0,0,0,1,2,2,0,3,0,1,0,0.33333333333333304,1
338,0,1,1,0,3,1,0,17,0,1,0,0,0,1,4,1,0,3,0,1,0,0.5,1
339,0,3,0,0,2,1,0,10,0,1,0,0,0,1,2,2,1,3,0,1,0,0.33333333333333304,1
340,0,3,1,0,1,1,0,11,1,1,0,0,0,1,3,1,0,2,0,1,0,0.6666666666666665,1
341,0,2,1,0,4,1,0,0,1,1,0,0,0,1,2,2,0,4,0,1,0,0.5,1
342,0,3,1,0,4,1,0,15,0,1,0,0,0,1,2,1,0,3,0,1,0,0.5,1
343,0,2,1,0,2,1,0,0,1,1,0,1,0,1,2,1,0,2,0,1,0,0.33333333333333304,1
344,0,2,1,0,3,1,0,10,0,1,0,1,0,1,3,1,0,2,0,1,0,0.5,1
345,0,3,1,0,2,1,0,14,0,1,0,0,0,1,3,2,0,3,0,1,0,0.5,1
346,0,2,0,0,3,1,0,16,0,1,0,0,0,1,3,1,1,4,0,1,0,0.5,1
347,0,3,1,0,3,1,0,9,0,1,0,0,0,1,3,2,0,4,0,1,0,0.5,1
348,0,3,1,0,3,1,1,15,0,1,0,0,0,1,3,1,0,4,0,1,1,0.33333333333333304,1
349,0,5,0,1,2,1,0,13,1,1,0,0,0,1,1,5,1,3,0,2,0,0.5,0
350,0,3,0,1,1,1,0,8,3,1,0,0,0,1,2,3,1,1,0,3,0,0.6666666666666665,0
351,0,3,1,1,3,1,1,13,0,1,0,0,0,1,2,2,0,3,0,2,0,0.33333333333333304,0
352,1,3,1,1,3,1,0,8,1,1,0,1,0,0,1,2,0,1,0,1,0,0.5,0
353,0,3,0,1,1,1,0,8,1,1,0,0,0,1,1,3,1,1,0,3,0,0.6666666666666665,0
354,0,3,0,1,3,1,0,11,0,1,0,0,0,1,2,1,1,4,0,2,0,0.33333333333333304,0
355,0,1,1,1,3,1,0,9,0,0,1,0,0,1,2,1,0,3,0,1,0,0.5,0
356,0,2,0,1,4,1,0,13,0,1,0,0,0,1,2,1,1,4,0,2,0,0.33333333333333304,0
357,0,2,1,1,2,1,0,11,0,0,1,0,0,1,2,1,0,3,0,2,1,0.33333333333333304,0
358,0,2,1,1,1,1,0,10,0,1,0,0,0,1,1,1,0,1,0,2,0,0.5,0
359,0,1,1,1,1,1,0,16,0,1,0,1,0,1,3,1,0,1,0,2,0,0.5,0
360,0,4,0,1,4,1,0,13,0,0,1,1,0,1,2,1,1,1,0,3,0,0.5,0
361,1,3,0,1,1,1,0,12,1,0,1,1,0,0,2,2,1,1,0,2,0,0.5,0
362,0,3,1,1,3,1,0,10,0,1,0,0,0,1,2,1,0,3,0,2,0,0.5,0
363,0,1,1,1,4,1,0,15,0,1,0,1,0,1,2,1,0,4,0,1,0,0.33333333333333304,0
364,0,2,0,1,2,1,0,12,0,0,1,0,0,1,2,1,1,1,0,2,0,0.33333333333333304,0
365,0,4,0,1,3,1,0,10,0,0,1,1,0,1,2,2,1,1,0,2,0,0.5,0
366,0,2,1,1,4,1,0,13,0,1,0,0,0,1,3,2,0,4,0,2,0,0.5,0
367,0,2,0,1,1,1,0,0,1,1,0,0,0,1,1,1,1,1,0,3,1,0.33333333333333304,0
368,0,2,1,1,3,1,0,10,0,1,0,1,0,1,1,1,0,2,0,2,0,0.5,0
369,0,2,0,1,4,1,0,11,0,1,0,0,0,1,2,4,1,4,1,3,0,0.5,0
370,0,1,1,1,2,1,0,9,2,0,1,0,0,1,2,1,0,3,0,2,0,0.6666666666666665,0
371,1,3,0,1,2,1,0,12,0,1,0,1,0,0,1,2,1,1,0,3,0,0.5,0
372,0,1,1,1,2,1,0,11,0,0,1,0,0,1,3,1,0,2,0,1,0,0.33333333333333304,0
373,0,3,0,1,2,1,0,5,0,1,0,0,0,1,1,1,1,1,0,1,0,0.33333333333333304,0
374,0,1,0,1,4,1,0,19,0,1,0,0,0,1,3,1,1,4,0,2,1,0.5,0
375,0,2,0,1,1,1,0,10,0,1,0,0,0,1,3,1,1,1,0,4,0,0.5,0
376,0,1,1,1,2,1,1,15,2,1,0,0,0,1,3,1,0,4,0,2,0,0.833333333333333,0
377,0,4,0,1,4,1,0,10,0,1,0,0,0,1,2,3,1,4,0,1,0,0.5,0
378,0,2,1,1,3,1,0,15,0,1,0,0,0,1,2,1,0,3,0,1,0,0.5,0
379,0,3,0,1,1,1,0,10,0,1,0,1,0,1,2,2,1,3,0,1,1,0.33333333333333304,0
380,0,4,1,1,4,1,0,14,0,1,0,0,0,1,2,1,0,4,1,1,0,0.5,0
381,0,3,0,1,1,1,0,7,0,1,0,0,0,1,1,1,1,2,0,2,0,0.5,0
382,0,1,1,1,3,1,0,10,0,1,0,0,0,1,2,1,0,2,0,2,0,0.33333333333333304,0
383,0,3,0,1,1,1,0,0,1,0,1,0,0,1,1,1,1,1,0,2,0,0.6666666666666665,0
384,0,3,0,1,2,1,0,5,1,0,1,0,0,1,1,4,1,4,0,2,0,0.5,0
385,0,3,0,1,2,1,0,10,0,0,1,1,0,1,3,1,1,2,0,2,0,0.5,0
386,0,2,0,1,4,1,0,6,0,1,0,0,0,1,1,2,1,4,0,3,1,0.5,0
387,0,2,0,1,3,1,0,0,1,1,0,0,0,1,3,1,1,2,0,1,0,0.6666666666666665,0
388,0,1,1,1,1,1,0,8,0,1,0,0,0,1,2,1,0,3,0,1,0,0.5,0
389,0,1,1,1,1,1,0,0,1,0,1,0,0,1,2,1,0,1,0,2,0,0.5,0
390,0,5,1,1,2,1,0,9,2,0,1,0,0,1,2,4,0,2,0,1,0,0.833333333333333,0
391,0,4,1,1,1,1,0,16,0,1,0,0,0,1,1,3,0,3,0,2,0,0.33333333333333304,0
392,0,3,0,1,1,1,0,7,3,0,1,0,0,1,1,3,1,1,0,1,0,1.0,0
393,0,4,0,1,2,1,0,10,0,1,0,0,0,1,1,3,1,3,0,3,0,0.5,0
394,0,3,1,1,1,1,0,9,0,1,0,0,0,1,1,3,0,1,0,1,0,0.6666666666666665,0
0,0,1,1,0,4,0,0,11,0,0,1,1,1,1,2,1,0,4,1,2,0,0.5,1
1,0,1,1,0,1,0,0,11,0,1,0,1,1,1,2,1,0,1,0,1,0,0.33333333333333304,1
2,0,3,1,0,1,0,0,12,0,1,0,1,1,1,2,2,0,1,0,1,0,0.0,1
3,0,1,1,0,2,0,1,14,0,1,0,0,1,1,3,1,0,4,0,1,0,0.0,1
4,0,2,1,0,3,0,0,13,0,0,1,0,1,1,2,1,0,3,0,1,0,0.16666666666666652,1
5,0,2,1,0,3,0,0,13,0,1,0,0,1,1,2,1,0,4,0,1,1,0.16666666666666652,1
6,0,1,1,0,2,0,0,13,0,1,0,0,1,1,2,1,0,2,0,1,0,0.16666666666666652,1
7,0,1,1,0,4,0,0,13,0,0,1,0,1,1,2,1,0,4,1,2,0,0.33333333333333304,1
8,0,1,1,0,2,0,0,17,0,1,0,0,1,1,2,1,0,3,0,1,0,0.0,1
9,0,1,1,0,4,0,0,13,0,1,0,0,1,1,2,1,0,3,0,1,0,0.0,1
10,0,2,1,0,4,0,0,14,0,1,0,0,1,1,2,1,0,4,0,1,1,0.0,1
11,0,1,1,0,1,0,0,13,0,1,0,0,1,1,3,1,0,2,0,3,1,0.0,1
12,0,3,1,0,4,0,1,12,0,1,0,0,1,1,1,1,0,4,0,1,0,0.0,1
13,0,2,1,0,3,0,0,13,0,1,0,0,1,1,2,1,0,4,0,2,0,0.0,1
14,0,1,1,0,2,0,0,15,0,1,0,0,1,1,3,1,0,2,0,1,0,0.0,1
15,0,2,1,0,4,0,1,17,0,1,0,0,1,1,1,1,0,4,0,1,0,0.16666666666666652,1
16,0,2,1,0,4,0,0,14,0,1,0,0,1,1,3,1,0,4,0,1,1,0.16666666666666652,1
17,0,1,1,0,3,0,0,14,0,0,1,0,1,1,2,1,0,3,0,3,1,0.16666666666666652,1
18,0,4,1,0,2,0,0,7,3,1,0,0,1,1,1,2,0,3,0,1,0,0.33333333333333304,1
19,0,3,1,0,3,0,1,12,0,1,0,0,1,1,1,1,0,4,0,1,0,0.16666666666666652,1
20,0,1,1,0,3,0,0,14,0,1,0,0,1,1,2,1,0,4,0,1,1,0.0,1
21,0,1,1,0,4,0,1,12,0,1,0,0,1,1,1,1,0,4,0,1,0,0.0,1
22,0,3,1,0,2,0,0,14,0,1,0,0,1,1,2,1,0,4,0,1,0,0.16666666666666652,1
23,0,4,1,0,2,0,0,10,0,1,0,0,1,1,2,2,0,2,0,2,1,0.16666666666666652,1
24,0,1,0,0,4,0,0,10,0,1,0,0,1,1,3,1,1,2,0,1,0,0.0,1
25,0,3,1,0,2,0,0,12,0,1,0,0,1,1,1,1,0,2,0,1,0,0.16666666666666652,1
26,0,2,1,0,2,0,0,12,0,1,0,0,1,1,1,1,0,2,0,1,0,0.0,1
27,0,4,1,0,2,0,1,11,0,1,0,0,1,1,1,2,0,4,0,1,0,0.0,1
28,0,1,1,0,4,0,0,13,0,1,0,0,1,1,2,1,0,3,0,1,0,0.16666666666666652,1
29,0,5,1,0,4,0,0,12,0,1,0,0,1,1,2,5,0,4,1,1,0,0.16666666666666652,1
30,0,4,1,0,4,0,1,11,0,1,0,0,1,1,2,3,0,4,0,1,0,0.0,1
31,0,1,1,0,4,0,0,15,0,1,0,0,1,1,2,1,0,4,0,2,1,0.0,1
32,0,1,0,0,3,0,0,15,0,1,0,0,1,1,2,1,1,4,0,1,0,0.0,1
33,0,1,1,0,3,0,0,12,0,1,0,0,1,1,2,1,0,3,0,1,0,0.0,1
34,0,1,1,0,2,0,0,12,0,1,0,0,1,1,1,1,0,3,0,1,0,0.16666666666666652,1
35,0,1,1,0,3,0,0,11,0,0,1,0,1,1,1,1,0,2,0,2,0,0.0,1
36,0,1,1,0,3,0,0,14,0,1,0,0,1,1,3,1,0,4,0,1,0,0.0,1
37,0,1,0,0,4,0,0,13,0,1,0,0,1,1,3,1,1,4,1,2,1,0.16666666666666652,1
38,0,1,0,0,4,0,0,12,0,1,0,0,1,1,3,1,1,3,0,1,0,0.0,1
39,0,1,0,0,2,0,0,12,0,0,1,1,1,1,1,1,1,2,0,1,1,0.0,1
40,0,2,1,0,2,0,0,10,0,1,0,0,1,1,2,1,0,2,0,2,0,0.16666666666666652,1
41,0,4,1,0,4,0,0,11,0,1,0,0,1,1,1,2,0,4,0,1,0,0.0,1
42,0,1,1,0,4,0,0,15,0,1,0,0,1,1,2,1,0,4,1,1,0,0.0,1
43,0,1,1,0,2,0,0,10,0,1,0,0,1,1,1,1,0,2,0,1,0,0.0,1
44,0,2,1,0,2,0,0,11,1,1,0,0,1,1,2,2,0,2,0,2,0,0.16666666666666652,1
45,0,1,1,0,3,0,0,11,0,1,0,0,1,1,2,1,0,4,0,1,0,0.0,1
46,0,4,1,0,3,0,0,13,0,1,0,0,1,1,2,1,0,3,0,1,0,0.16666666666666652,1
47,0,1,1,0,3,0,1,17,0,1,0,0,1,1,4,1,0,4,0,1,1,0.16666666666666652,1
48,0,2,1,0,2,0,0,13,0,0,1,0,1,1,2,2,0,4,0,1,0,0.0,1
49,0,1,1,0,4,0,0,12,0,1,0,0,1,1,2,1,0,4,1,1,0,0.0,1
50,0,3,1,0,2,0,0,13,0,1,0,0,1,1,2,2,0,2,0,3,0,0.16666666666666652,1
51,0,1,1,0,2,0,1,16,0,1,0,0,1,1,2,1,0,4,0,1,0,0.0,1
52,0,4,1,0,2,0,1,9,0,0,1,0,1,1,1,3,0,4,0,2,0,0.0,1
53,0,3,1,0,4,0,0,12,0,1,0,0,1,1,1,2,0,4,0,1,0,0.0,1
54,0,4,1,0,3,0,0,13,0,1,0,0,1,1,1,4,0,3,0,1,0,0.0,1
55,0,1,1,0,1,0,0,12,0,1,0,0,1,1,2,1,0,2,0,1,0,0.16666666666666652,1
56,0,1,1,0,3,0,0,15,0,1,0,0,1,1,2,1,0,4,0,1,1,0.0,1
57,0,1,1,0,4,0,0,16,0,0,1,0,1,1,2,1,0,4,0,1,1,0.0,1
58,0,1,1,0,2,0,0,14,0,1,0,0,1,1,2,1,0,1,0,1,0,0.0,1
59,0,1,1,0,2,0,0,16,0,1,0,0,1,1,2,1,0,4,0,1,0,0.16666666666666652,1
60,0,3,0,0,4,0,1,16,0,0,1,0,1,1,2,2,1,4,1,1,0,0.16666666666666652,1
61,0,5,1,0,1,0,0,16,0,1,0,0,1,1,1,5,0,1,0,4,0,0.16666666666666652,1
62,0,1,1,0,2,0,0,10,0,1,0,0,1,1,2,1,0,1,0,1,1,0.16666666666666652,1
63,0,4,1,0,3,0,0,13,0,1,0,0,1,1,3,2,0,4,0,1,0,0.16666666666666652,1
64,0,4,1,0,3,0,0,12,0,1,0,0,1,1,2,2,0,4,0,1,1,0.0,1
65,0,2,1,0,3,0,0,16,0,1,0,0,1,1,2,1,0,4,0,3,0,0.16666666666666652,1
66,0,5,1,0,4,0,0,12,0,1,0,0,1,1,4,5,0,4,0,1,1,0.0,1
67,0,2,1,0,1,0,0,10,0,1,0,0,1,1,4,1,0,3,0,1,0,0.16666666666666652,1
68,0,3,0,0,2,0,1,11,0,1,0,0,1,1,2,1,1,2,0,2,1,0.0,1
69,0,3,0,0,1,0,0,15,0,1,0,0,1,1,4,2,1,3,0,2,1,0.0,1
70,0,1,1,0,1,0,0,11,0,1,0,0,1,1,4,1,0,3,0,2,1,0.16666666666666652,1
71,0,1,1,0,2,0,0,10,0,1,0,0,1,1,4,1,0,4,0,1,0,0.0,1
72,0,4,0,0,1,0,0,11,0,1,0,0,1,1,2,2,1,1,0,1,1,0.0,1
73,0,2,1,0,1,0,0,14,0,0,1,0,1,1,1,2,0,3,0,1,1,0.16666666666666652,1
74,0,4,1,0,3,0,0,11,0,1,0,0,1,1,2,2,0,3,0,1,0,0.16666666666666652,1
75,0,3,1,0,3,0,0,11,0,1,0,0,1,1,2,2,0,4,0,1,0,0.0,1
76,0,1,1,0,0,0,0,11,0,1,0,0,1,1,4,1,0,4,0,2,0,0.0,1
77,0,3,1,0,2,0,0,13,0,1,0,0,1,1,4,1,0,2,0,1,1,0.16666666666666652,1
78,1,1,1,0,1,0,0,10,3,1,0,0,1,0,1,1,0,2,0,2,0,0.33333333333333304,1
79,0,2,1,0,4,0,0,11,0,1,0,1,1,1,2,1,0,3,0,1,0,0.16666666666666652,1
80,0,3,1,0,3,0,0,12,0,1,0,0,1,1,1,1,0,2,0,1,0,0.0,1
81,0,2,1,0,3,0,0,9,0,1,0,0,1,1,3,1,0,2,0,1,0,0.0,1
82,0,1,1,0,2,0,0,11,0,1,0,0,1,1,2,1,0,3,0,1,1,0.0,1
83,0,3,1,0,2,0,0,13,0,1,0,0,1,1,2,1,0,2,0,2,0,0.0,1
84,0,3,1,0,1,0,0,12,0,1,0,0,1,1,2,2,0,1,0,1,0,0.0,1
85,0,3,1,0,4,0,0,12,0,1,0,0,1,1,2,2,0,4,0,2,1,0.0,1
86,0,2,1,0,2,0,0,11,0,0,1,1,1,1,2,1,0,2,0,1,0,0.16666666666666652,1
87,0,3,1,0,2,0,0,15,0,1,0,0,1,1,3,1,0,4,0,1,1,0.0,1
88,0,1,1,0,2,0,0,11,0,1,0,0,1,1,2,1,0,2,0,2,1,0.16666666666666652,1
89,0,5,1,0,4,0,0,10,0,0,1,0,1,1,2,3,0,4,0,1,1,0.16666666666666652,1
90,0,3,1,0,3,0,0,11,0,1,0,0,1,1,3,1,0,3,0,1,0,0.16666666666666652,1
91,0,3,1,0,3,0,0,13,0,1,0,0,1,1,1,1,0,4,0,1,1,0.0,1
92,0,3,1,0,1,0,0,12,0,0,1,0,1,1,2,2,0,3,0,1,0,0.16666666666666652,1
93,0,1,1,0,2,0,0,14,0,1,0,0,1,1,2,1,0,4,0,2,0,0.16666666666666652,1
94,0,1,1,0,2,0,0,12,0,1,0,0,1,1,4,1,0,2,0,1,1,0.0,1
95,0,1,0,0,1,0,0,13,0,1,0,1,1,1,4,1,1,1,0,2,0,0.0,1
96,0,1,0,0,3,0,0,11,0,1,0,0,1,1,1,1,1,4,0,2,1,0.16666666666666652,1
97,0,1,1,0,1,0,0,12,0,0,1,0,1,1,2,1,0,2,0,1,0,0.16666666666666652,1
98,0,2,1,0,4,0,0,13,0,1,0,0,1,1,1,1,0,4,0,1,1,0.16666666666666652,1
99,0,1,1,0,3,0,0,13,0,1,0,0,1,1,3,1,0,4,0,1,0,0.16666666666666652,1
100,0,5,1,0,4,0,0,8,0,1,0,0,1,1,1,5,0,4,0,1,0,0.16666666666666652,1
101,0,1,1,0,4,0,0,16,0,1,0,0,1,1,3,1,0,4,1,1,0,0.16666666666666652,1
102,0,1,1,0,4,0,0,12,0,1,0,0,1,1,1,1,0,4,0,1,0,0.0,1
103,0,1,1,0,2,0,0,10,0,1,0,0,1,1,2,1,0,3,0,2,0,0.0,1
104,0,1,1,0,4,0,0,16,0,1,0,0,1,1,2,1,0,3,0,1,0,0.0,1
105,0,1,1,0,3,0,0,10,0,0,1,0,1,1,4,1,0,3,0,1,1,0.0,1
106,0,1,1,0,2,0,0,10,0,1,0,0,1,1,4,1,0,2,0,1,0,0.0,1
107,0,1,1,0,3,0,0,14,0,1,0,0,1,1,3,1,0,3,0,1,0,0.16666666666666652,1
108,0,5,0,0,4,0,0,11,0,1,0,0,1,1,4,3,1,4,0,4,0,0.0,1
109,0,1,1,0,4,0,1,14,0,1,0,0,1,1,3,1,0,4,0,1,0,0.16666666666666652,1
110,0,1,1,0,4,0,0,14,0,1,0,0,1,1,1,1,0,4,1,1,0,0.0,1
111,0,1,0,0,3,0,0,11,0,1,0,0,1,1,3,1,1,3,0,1,1,0.16666666666666652,1
112,0,1,1,0,2,0,0,10,1,1,0,1,1,1,2,1,0,2,0,1,0,0.16666666666666652,1
113,0,1,1,0,2,0,0,18,0,1,0,0,1,1,1,1,0,4,0,1,0,0.0,1
114,0,1,0,0,1,0,1,10,0,1,0,0,1,1,2,1,1,2,0,1,1,0.0,1
115,0,2,1,0,4,0,0,14,0,1,0,0,1,1,2,1,0,4,1,1,0,0.16666666666666652,1
116,0,1,1,0,4,0,0,16,0,0,1,0,1,1,2,1,0,4,1,2,1,0.0,1
117,0,1,1,0,3,0,0,15,0,1,0,0,1,1,1,1,0,3,0,2,0,0.16666666666666652,1
118,0,4,0,0,3,0,0,11,1,1,0,0,1,1,2,1,1,1,0,3,0,0.33333333333333304,1
119,0,2,1,0,4,0,0,14,0,1,0,0,1,1,1,1,0,3,0,1,1,0.0,1
120,0,2,1,0,2,0,0,14,0,1,0,1,1,1,2,1,0,1,0,1,0,0.0,1
121,0,2,1,0,2,0,0,13,0,1,0,0,1,1,4,1,0,2,0,1,0,0.0,1
122,0,2,1,0,4,0,0,13,0,1,0,0,1,1,2,1,0,2,0,2,0,0.16666666666666652,1
123,0,4,1,0,4,0,1,13,0,1,0,0,1,1,1,1,0,4,0,1,0,0.16666666666666652,1
124,0,1,1,0,2,0,0,11,0,1,0,0,1,1,2,1,0,2,0,1,0,0.16666666666666652,1
125,0,2,1,0,4,0,0,9,0,1,0,0,1,1,1,3,0,3,0,1,0,0.0,1
126,0,1,1,0,4,0,0,11,0,1,0,0,1,1,2,1,0,3,0,1,0,0.0,1
127,1,1,1,0,1,0,0,11,2,0,1,1,1,0,2,1,0,0,0,1,0,0.6666666666666665,1
128,0,5,0,0,4,0,0,15,0,1,0,0,1,1,1,2,1,4,1,1,0,0.16666666666666652,1
129,0,2,1,0,3,0,0,13,0,1,0,0,1,1,3,2,0,2,0,2,0,0.16666666666666652,1
130,0,2,0,0,4,0,0,12,0,1,0,0,1,1,3,2,1,3,1,2,0,0.0,1
131,1,3,1,0,1,0,0,8,3,1,0,0,1,0,2,1,0,2,0,1,1,0.5,1
132,0,2,1,0,1,0,0,11,0,1,0,0,1,1,1,1,0,2,0,3,0,0.33333333333333304,1
133,0,2,1,0,1,0,0,13,0,1,0,1,1,1,1,1,0,1,0,3,0,0.0,1
134,0,3,1,0,2,0,0,12,0,1,0,0,1,1,1,1,0,2,0,1,0,0.33333333333333304,1
135,0,4,1,0,4,0,0,14,0,1,0,0,1,1,1,1,0,3,0,1,0,0.16666666666666652,1
136,0,1,1,0,1,0,0,11,0,0,1,1,1,1,1,1,0,2,0,4,0,0.16666666666666652,1
137,0,1,1,0,2,0,0,11,1,0,1,0,1,1,1,1,0,2,0,1,0,0.16666666666666652,1
138,0,1,0,0,4,0,0,11,0,0,1,1,1,1,2,1,1,3,1,4,0,0.0,1
139,0,1,1,0,4,0,0,15,0,1,0,0,1,1,3,1,0,4,0,1,0,0.0,1
140,0,4,0,0,4,0,0,10,0,0,1,1,1,1,2,2,1,3,0,3,0,0.33333333333333304,1
141,0,1,0,0,1,0,0,13,0,0,1,1,1,1,2,1,1,1,0,4,0,0.16666666666666652,1
142,0,5,1,0,1,0,0,12,0,1,0,0,1,1,1,4,0,3,0,2,0,0.5,1
143,0,1,1,0,2,0,0,11,0,1,0,0,1,1,3,5,0,3,0,1,0,0.5,1
144,0,2,0,0,1,0,0,11,0,0,1,0,1,1,1,1,1,1,0,2,1,0.16666666666666652,1
145,0,1,1,0,3,0,0,10,0,1,0,0,1,1,1,1,0,3,0,2,0,0.16666666666666652,1
146,0,3,1,0,1,0,0,10,2,0,1,0,1,1,2,1,0,1,0,1,0,0.16666666666666652,1
147,0,1,1,0,4,0,0,14,0,1,0,0,1,1,1,1,0,4,1,2,0,0.0,1
148,0,1,0,0,1,0,0,9,1,1,0,0,1,1,1,1,1,1,0,3,0,0.0,1
149,0,1,1,0,3,0,0,11,0,1,0,0,1,1,4,1,0,4,0,2,0,0.0,1
150,0,3,1,0,3,0,0,9,0,0,1,0,1,1,2,2,0,3,0,1,0,0.0,1
151,0,3,1,0,4,0,0,13,0,1,0,0,1,1,3,1,0,4,0,1,0,0.16666666666666652,1
152,0,2,1,0,2,0,0,11,0,1,0,0,1,1,1,2,0,2,0,2,1,0.16666666666666652,1
153,0,1,1,0,4,0,0,13,0,1,0,0,1,1,3,1,0,4,0,1,0,0.0,1
154,0,3,1,0,1,0,0,11,0,1,0,1,1,1,1,3,0,1,0,1,0,0.16666666666666652,1
155,0,2,1,0,1,0,0,6,0,1,0,0,1,1,1,1,0,2,0,1,0,0.33333333333333304,1
156,0,2,1,0,1,0,0,12,0,1,0,0,1,1,2,1,0,1,0,1,0,0.0,1
157,1,1,1,0,1,0,0,10,0,1,0,1,1,0,1,1,0,2,0,2,0,0.0,1
158,0,1,1,0,2,0,1,11,1,1,0,0,1,1,2,1,0,3,0,1,0,0.0,1
159,0,1,1,0,2,0,0,13,0,1,0,1,1,1,2,1,0,1,0,1,0,0.0,1
160,0,4,1,0,2,0,0,11,0,0,1,1,1,1,2,2,0,1,0,1,0,0.0,1
161,1,1,1,0,4,0,0,8,0,1,0,0,1,0,1,2,0,4,1,1,0,0.16666666666666652,1
162,0,5,1,0,1,0,0,11,0,1,0,0,1,1,1,2,0,2,0,4,0,0.0,1
163,1,5,1,0,1,0,0,0,2,1,0,0,1,0,1,2,0,1,0,1,0,0.5,1
164,0,5,1,0,1,0,0,10,1,0,1,1,1,1,1,3,0,2,0,1,0,0.16666666666666652,1
165,0,3,0,0,3,0,0,13,0,1,0,0,1,1,3,2,1,3,0,2,1,0.0,1
166,1,1,1,0,2,0,0,11,0,1,0,0,1,0,1,1,0,3,0,1,0,0.6666666666666665,1
167,0,1,1,0,4,0,0,13,0,0,1,0,1,1,1,1,0,4,1,1,0,0.33333333333333304,1
168,0,1,0,0,3,0,0,8,0,0,1,1,1,1,2,1,1,2,0,1,0,0.0,1
169,0,3,0,0,2,0,0,10,3,0,1,0,1,1,1,3,1,1,0,1,1,0.33333333333333304,1
170,0,5,0,0,1,0,0,11,3,0,1,1,1,1,1,1,1,1,0,3,0,0.5,1
171,0,2,0,0,2,0,0,11,0,0,1,1,1,1,1,1,1,2,0,3,0,0.16666666666666652,1
172,0,4,1,0,3,0,0,1,1,1,0,0,1,1,2,4,0,3,0,1,0,0.16666666666666652,1
173,0,5,1,0,2,0,1,10,2,1,0,0,1,1,1,3,0,1,0,2,0,0.16666666666666652,1
174,1,2,0,0,1,0,0,9,1,1,0,1,1,0,1,2,1,2,0,2,0,0.33333333333333304,1
175,0,4,0,0,2,0,0,8,2,1,0,0,1,1,2,1,1,3,0,2,0,0.33333333333333304,1
176,0,4,1,0,2,0,0,10,0,0,1,0,1,1,1,2,0,1,0,2,0,0.0,1
177,1,4,1,0,3,0,0,8,1,1,0,1,1,0,1,1,0,1,0,1,0,0.16666666666666652,1
178,1,5,0,0,1,0,0,8,0,0,1,0,1,0,2,1,1,1,0,4,0,0.33333333333333304,1
179,1,1,1,0,2,0,0,8,3,0,1,0,1,0,1,1,0,3,0,2,0,0.33333333333333304,1
180,1,4,1,0,2,0,0,11,0,1,0,0,1,0,2,2,0,2,0,1,0,0.16666666666666652,1
181,0,1,1,0,2,0,1,18,0,1,0,0,1,1,2,1,0,4,0,1,0,0.16666666666666652,1
182,0,1,1,0,2,0,0,13,0,1,0,0,1,1,2,1,0,2,0,1,0,0.16666666666666652,1
183,0,1,1,0,4,0,1,17,0,1,0,0,1,1,2,1,0,4,0,1,1,0.16666666666666652,1
184,0,4,1,0,4,0,0,10,1,1,0,0,1,1,1,2,0,3,0,3,0,0.16666666666666652,1
185,0,1,1,0,0,0,0,18,0,1,0,0,1,1,2,1,0,1,0,2,1,0.16666666666666652,1
186,0,3,1,0,4,0,0,10,0,1,0,0,1,1,2,1,0,4,0,1,1,0.33333333333333304,1
187,0,1,1,0,3,0,0,13,0,1,0,1,1,1,2,1,0,1,0,1,0,0.16666666666666652,1
188,0,1,1,0,3,0,0,15,0,1,0,0,1,1,2,1,0,3,0,2,1,0.16666666666666652,1
189,0,4,1,0,3,0,0,11,0,1,0,0,1,1,2,4,0,4,0,2,0,0.33333333333333304,1
190,0,4,1,0,2,0,0,14,0,1,0,0,1,1,2,1,0,2,0,2,1,0.16666666666666652,1
191,0,4,1,0,3,0,0,10,0,1,0,0,1,1,2,1,0,3,0,1,1,0.33333333333333304,1
192,0,4,0,0,2,0,0,11,0,1,0,0,1,1,1,3,1,4,0,1,0,0.16666666666666652,1
193,0,1,1,0,3,0,0,13,0,1,0,0,1,1,2,1,0,4,0,1,0,0.33333333333333304,1
194,0,3,1,0,3,0,0,11,0,1,0,0,1,1,2,2,0,4,0,1,0,0.16666666666666652,1
195,0,2,1,0,3,0,0,13,0,1,0,0,1,1,2,1,0,3,0,1,0,0.16666666666666652,1
196,0,3,1,0,4,0,0,17,0,0,1,0,1,1,2,2,0,2,0,1,1,0.33333333333333304,1
197,0,3,1,0,3,0,0,14,0,1,0,0,1,1,2,2,0,3,0,1,1,0.33333333333333304,1
198,0,2,1,0,2,0,0,16,0,1,0,0,1,1,2,1,0,3,0,1,1,0.16666666666666652,1
199,0,3,1,0,3,0,0,14,0,1,0,0,1,1,2,2,0,3,0,1,0,0.33333333333333304,1
200,0,2,1,0,2,0,0,11,0,1,0,0,1,1,1,1,0,1,0,1,0,0.16666666666666652,1
201,0,2,1,0,1,0,0,16,0,1,0,0,1,1,2,1,0,2,0,1,0,0.16666666666666652,1
202,0,3,1,0,3,0,1,14,0,1,0,0,1,1,2,1,0,3,0,1,1,0.33333333333333304,1
203,0,5,0,0,2,0,0,10,0,0,1,1,1,1,2,1,1,1,0,1,0,0.33333333333333304,1
204,0,1,1,0,3,0,0,13,0,1,0,0,1,1,2,1,0,2,0,1,0,0.16666666666666652,1
205,0,1,1,0,1,0,0,12,0,1,0,1,1,1,2,1,0,1,0,1,0,0.33333333333333304,1
206,0,5,1,0,2,0,0,12,0,1,0,1,1,1,2,4,0,1,0,2,0,0.33333333333333304,1
207,0,4,0,0,3,0,0,10,0,1,0,0,1,1,1,3,1,3,0,1,1,0.16666666666666652,1
208,0,1,1,0,3,0,0,12,0,1,0,0,1,1,1,1,0,2,0,2,0,0.16666666666666652,1
209,0,1,1,0,4,0,0,16,0,1,0,0,1,1,2,1,0,2,0,1,0,0.33333333333333304,1
210,0,2,1,0,4,0,0,14,0,1,0,0,1,1,1,1,0,4,1,1,0,0.33333333333333304,1
211,0,5,0,0,3,0,0,12,0,1,0,0,1,1,1,3,1,3,0,3,0,0.16666666666666652,1
212,0,3,1,0,4,0,0,16,1,1,0,0,1,1,1,2,0,4,1,2,0,0.33333333333333304,1
213,0,2,1,0,4,0,0,11,0,1,0,0,1,1,2,1,0,4,1,1,1,0.16666666666666652,1
214,0,5,1,0,3,0,1,15,0,1,0,0,1,1,2,1,0,4,0,1,0,0.16666666666666652,1
215,0,3,1,0,3,0,0,12,0,0,1,0,1,1,2,1,0,2,0,1,1,0.16666666666666652,1
216,0,3,1,0,1,0,0,15,0,0,1,0,1,1,2,1,0,1,0,1,0,0.33333333333333304,1
217,0,2,0,0,2,0,0,13,0,1,0,0,1,1,1,1,1,2,0,1,1,0.33333333333333304,1
218,0,1,0,0,2,0,0,13,0,1,0,0,1,1,4,1,1,2,0,2,1,0.16666666666666652,1
219,0,4,1,0,4,0,0,8,1,1,0,1,1,1,3,3,0,3,0,1,0,0.33333333333333304,1
220,0,2,1,0,1,0,0,12,0,1,0,0,1,1,2,2,0,3,0,1,0,0.16666666666666652,1
221,0,1,1,0,3,0,0,15,0,1,0,0,1,1,2,1,0,4,0,1,0,0.16666666666666652,1
222,0,4,1,0,1,0,0,13,0,0,1,1,1,1,1,1,0,1,0,2,0,0.16666666666666652,1
223,0,1,0,0,3,0,0,12,0,1,0,0,1,1,3,1,1,4,0,2,1,0.33333333333333304,1
224,0,2,1,0,3,0,0,12,0,1,0,0,1,1,4,1,0,3,0,1,1,0.6666666666666665,1
225,0,5,1,0,4,0,0,12,0,1,0,0,1,1,2,4,0,4,0,1,0,0.33333333333333304,1
226,0,1,1,0,2,0,0,13,0,1,0,0,1,1,2,1,0,2,0,1,1,0.16666666666666652,1
227,0,4,1,0,2,0,0,11,0,1,0,0,1,1,2,2,0,2,0,1,0,0.5,1
228,0,2,0,0,4,0,0,11,0,0,1,0,1,1,1,1,1,4,0,1,0,0.33333333333333304,1
229,0,3,1,0,2,0,0,15,0,1,0,0,1,1,2,1,0,3,0,2,1,0.33333333333333304,1
230,0,4,1,0,3,0,0,10,0,1,0,0,1,1,2,2,0,4,0,1,1,0.33333333333333304,1
231,0,4,1,0,3,0,0,10,0,1,0,0,1,1,2,2,0,3,0,1,0,0.5,1
232,0,4,1,0,3,0,0,13,0,0,1,1,1,1,1,1,0,2,0,2,0,0.33333333333333304,1
233,0,1,1,0,2,0,0,13,0,1,0,1,1,1,3,1,0,2,0,1,0,0.33333333333333304,1
234,0,2,0,0,1,0,0,11,0,1,0,1,1,1,2,1,1,2,0,2,1,0.33333333333333304,1
235,0,1,1,0,1,0,0,12,0,0,1,1,1,1,3,1,0,1,0,1,1,0.33333333333333304,1
236,0,1,1,0,3,0,0,14,0,1,0,0,1,1,2,1,0,2,1,1,0,0.16666666666666652,1
237,0,5,1,0,2,0,0,10,3,1,0,0,1,1,2,5,0,2,0,2,0,0.5,1
238,0,1,1,0,4,0,0,16,0,1,0,0,1,1,3,1,0,4,0,1,0,0.16666666666666652,1
239,0,1,0,0,1,0,0,8,0,1,0,0,1,1,2,1,1,3,0,1,1,0.5,1
240,0,3,1,0,2,0,0,17,0,1,0,0,1,1,2,1,0,3,0,1,0,0.33333333333333304,1
241,0,3,1,0,3,0,0,11,0,1,0,0,1,1,2,1,0,2,0,1,1,0.33333333333333304,1
242,0,5,1,0,1,0,0,11,0,1,0,1,1,1,2,4,0,2,0,4,0,0.5,1
243,0,2,1,0,1,0,0,16,0,1,0,0,1,1,3,1,0,2,0,2,0,0.33333333333333304,1
244,0,2,1,0,3,0,1,12,0,1,0,0,1,1,2,1,0,4,0,1,1,0.33333333333333304,1
245,0,1,0,0,2,0,0,13,0,1,0,0,1,1,2,1,1,2,0,2,0,0.33333333333333304,1
246,0,3,1,0,4,0,0,13,0,1,0,0,1,1,2,1,0,4,1,1,1,0.33333333333333304,1
247,0,4,1,0,4,0,1,14,0,1,0,0,1,1,2,2,0,4,0,1,1,0.16666666666666652,1
248,0,1,1,0,1,0,0,9,0,1,0,0,1,1,2,1,0,1,0,2,0,0.16666666666666652,1
249,0,3,1,0,2,0,0,12,0,1,0,1,1,1,3,1,0,3,0,2,1,0.16666666666666652,1
250,0,5,1,0,2,0,0,16,0,1,0,0,1,1,2,5,0,2,0,1,0,0.33333333333333304,1
251,0,1,1,0,1,0,0,10,0,1,0,0,1,1,1,1,0,2,0,1,0,0.16666666666666652,1
252,0,2,1,0,1,0,0,13,0,1,0,0,1,1,2,1,0,4,0,1,0,0.16666666666666652,1
253,0,1,1,0,4,0,0,10,1,1,0,0,1,1,2,1,0,2,0,2,0,0.5,1
254,0,1,1,0,2,0,0,10,1,1,0,1,1,1,2,1,0,2,0,1,0,0.5,1
255,1,1,1,0,3,0,0,7,1,1,0,0,1,0,1,1,0,3,0,2,0,0.5,1
256,1,2,1,0,2,0,0,8,1,1,0,0,1,0,1,2,0,2,0,1,0,0.5,1
257,0,2,1,0,4,0,0,9,0,1,0,0,1,1,1,1,0,4,1,1,0,0.33333333333333304,1
258,0,1,1,0,2,0,0,15,0,0,1,0,1,1,2,1,0,3,0,1,0,0.33333333333333304,1
259,0,2,1,0,1,0,0,10,0,1,0,1,1,1,3,1,0,1,0,1,0,0.33333333333333304,1
260,1,2,1,0,2,0,0,11,0,1,0,0,1,0,1,1,0,1,0,1,0,0.16666666666666652,1
261,0,1,0,0,1,0,0,13,0,0,1,1,1,1,2,1,1,2,0,3,0,0.33333333333333304,1
262,0,1,0,0,4,0,0,8,1,1,0,0,1,1,1,1,1,1,0,4,0,0.33333333333333304,1
263,1,5,1,0,2,0,0,8,0,1,0,0,1,0,2,3,0,2,0,1,1,0.5,1
264,1,1,1,0,2,0,0,10,1,1,0,0,1,0,1,1,0,2,0,1,0,0.33333333333333304,1
265,0,3,0,0,1,0,0,15,0,1,0,1,1,1,3,1,1,1,0,2,0,0.33333333333333304,1
266,0,1,1,0,2,0,0,14,0,0,1,0,1,1,2,1,0,4,0,1,0,0.33333333333333304,1
267,0,4,1,0,3,0,1,15,0,1,0,0,1,1,2,1,0,4,0,2,0,0.33333333333333304,1
268,0,3,0,0,4,0,0,12,0,1,0,0,1,1,2,2,1,4,0,2,0,0.33333333333333304,1
269,0,1,1,0,3,0,0,15,0,1,0,0,1,1,1,1,0,4,0,1,0,0.16666666666666652,1
270,0,2,1,0,4,0,0,15,0,1,0,0,1,1,1,1,0,4,0,1,0,0.16666666666666652,1
271,0,4,1,0,4,0,0,12,0,1,0,0,1,1,2,1,0,4,0,1,0,0.33333333333333304,1
272,0,1,0,0,1,0,0,15,0,1,0,0,1,1,3,1,1,1,0,2,0,0.33333333333333304,1
273,0,3,1,0,3,0,0,11,0,1,0,0,1,1,3,2,0,3,0,2,0,0.33333333333333304,1
274,0,1,1,0,1,0,0,10,0,0,1,1,1,1,2,1,0,1,0,1,0,0.33333333333333304,1
275,0,1,1,0,1,0,0,11,0,1,0,0,1,1,3,1,0,2,0,2,0,0.5,1
276,0,1,1,0,1,0,0,16,0,1,0,0,1,1,1,1,0,2,0,3,0,0.16666666666666652,1
277,0,2,1,0,1,0,0,11,0,0,1,0,1,1,2,1,0,1,0,1,0,0.33333333333333304,1
278,0,1,1,0,3,0,0,13,0,1,0,0,1,1,1,1,0,2,0,2,0,0.33333333333333304,1
279,1,5,1,0,1,0,0,5,3,1,0,0,1,0,1,5,0,3,0,1,0,1.0,1
280,0,3,0,0,3,0,0,10,0,1,0,0,1,1,2,1,1,3,0,1,0,0.5,1
281,0,4,1,0,2,0,0,11,0,1,0,0,1,1,1,2,0,0,0,1,0,0.16666666666666652,1
282,1,4,1,0,2,0,0,7,0,1,0,0,1,0,1,2,0,3,0,2,0,0.5,1
283,0,3,1,0,3,0,0,10,1,1,0,1,1,1,2,1,0,3,0,3,1,0.16666666666666652,1
284,1,5,1,0,1,0,0,6,2,1,0,0,1,0,1,2,0,2,0,1,0,0.5,1
285,0,3,0,0,1,0,0,12,0,0,1,0,1,1,1,1,1,2,0,2,0,0.16666666666666652,1
286,0,4,0,0,1,0,0,13,0,1,0,0,1,1,1,2,1,2,0,1,0,0.33333333333333304,1
287,0,2,1,0,1,0,1,10,1,1,0,0,1,1,1,1,0,1,0,2,0,0.33333333333333304,1
288,0,3,1,0,1,0,0,13,0,1,0,0,1,1,2,1,0,2,0,1,0,0.5,1
289,0,1,1,0,2,0,0,17,0,1,0,0,1,1,4,1,0,4,0,1,1,0.33333333333333304,1
290,0,1,1,0,2,0,0,11,0,1,0,0,1,1,2,1,0,2,0,1,0,0.6666666666666665,1
291,1,4,1,0,1,0,0,11,1,1,0,0,1,0,2,4,0,2,0,3,0,0.5,1
292,0,3,0,0,2,0,0,14,0,1,0,0,1,1,3,1,1,4,0,1,0,0.33333333333333304,1
293,0,3,1,0,1,0,0,14,0,0,1,0,1,1,3,2,0,1,0,1,0,0.5,1
294,0,1,0,0,2,0,0,13,0,0,1,0,1,1,2,1,1,2,0,1,0,0.5,1
295,0,1,1,0,3,0,0,14,0,1,0,0,1,1,2,1,0,4,0,1,1,0.6666666666666665,1
296,0,2,1,0,1,0,0,16,0,1,0,0,1,1,2,1,0,2,0,1,0,0.5,1
297,1,1,0,0,2,0,0,10,0,0,1,0,1,0,1,1,1,2,0,2,0,0.33333333333333304,1
298,0,1,1,0,2,0,0,12,0,1,0,0,1,1,4,1,0,2,0,1,0,0.33333333333333304,1
299,1,2,0,0,1,0,0,12,0,1,0,0,1,0,2,1,1,2,0,2,0,0.833333333333333,1
300,0,3,1,0,3,0,0,15,0,1,0,0,1,1,2,1,0,4,0,1,0,0.5,1
301,0,1,1,0,3,0,0,11,0,1,0,0,1,1,2,1,0,4,0,1,0,0.5,1
302,0,1,0,0,2,0,0,12,0,0,1,0,1,1,3,1,1,3,0,1,0,0.5,1
303,0,1,1,0,3,0,0,13,0,0,1,0,1,1,3,1,0,3,0,1,0,0.33333333333333304,1
304,0,1,1,0,2,0,0,13,0,1,0,1,1,1,3,1,0,2,0,1,0,0.5,1
305,1,3,1,0,2,0,0,9,0,1,0,0,1,0,1,2,0,2,0,2,0,0.33333333333333304,1
306,0,4,0,0,4,0,0,16,0,1,0,0,1,1,2,3,1,3,0,2,1,0.5,1
307,0,4,1,0,1,0,0,14,0,1,0,0,1,1,2,3,0,3,0,1,0,0.33333333333333304,1
308,0,2,0,0,4,0,0,12,0,1,0,0,1,1,2,2,1,4,0,2,1,0.5,1
309,0,3,1,0,2,0,1,14,0,1,0,0,1,1,2,1,0,4,0,1,1,0.5,1
310,1,2,0,0,1,0,0,10,0,1,0,0,1,0,2,1,1,2,0,2,1,0.5,1
311,0,3,1,0,3,0,0,12,0,1,0,0,1,1,2,3,0,3,0,1,0,0.6666666666666665,1
312,0,3,1,0,3,0,0,16,0,1,0,0,1,1,4,1,0,2,0,1,1,0.5,1
313,0,1,1,0,1,0,0,13,0,0,1,0,1,1,2,1,0,1,0,2,0,0.5,1
314,0,2,0,0,2,0,0,18,0,0,1,1,1,1,2,2,1,1,0,1,0,0.33333333333333304,1
315,0,2,1,0,1,0,0,15,0,1,0,0,1,1,2,1,0,2,0,1,0,0.5,1
316,0,1,1,0,4,0,0,16,0,1,0,1,1,1,2,1,0,2,0,2,1,0.33333333333333304,1
317,0,3,1,0,2,0,0,12,0,1,0,0,1,1,2,2,0,2,0,2,0,0.33333333333333304,1
318,1,1,0,0,2,0,0,10,0,1,0,0,1,0,2,1,1,3,0,2,0,0.5,1
319,0,4,1,0,4,0,0,12,0,1,0,0,1,1,1,1,0,4,0,2,0,0.5,1
320,0,1,1,0,4,0,1,13,1,1,0,0,1,1,2,1,0,4,0,1,1,0.5,1
321,0,1,1,0,2,0,0,15,0,1,0,0,1,1,3,1,0,2,0,3,1,0.33333333333333304,1
322,1,3,0,0,2,0,0,10,1,1,0,0,1,0,2,4,1,3,0,1,1,0.6666666666666665,1
323,0,2,1,0,3,0,0,10,0,1,0,0,1,1,1,1,0,4,0,2,0,0.5,1
324,1,4,1,0,2,0,0,11,0,1,0,1,1,0,1,2,0,1,0,2,0,0.5,1
325,0,4,1,0,1,0,0,10,0,1,0,0,1,1,1,2,0,4,0,2,0,0.33333333333333304,1
326,0,4,1,0,2,0,0,13,0,1,0,0,1,1,1,3,0,3,0,1,0,0.33333333333333304,1
327,0,1,0,0,1,0,0,18,0,0,1,1,1,1,4,1,1,1,0,2,1,0.5,1
328,0,1,1,0,1,0,0,13,0,1,0,0,1,1,2,1,0,1,0,2,0,0.5,1
329,0,2,1,0,2,0,0,14,0,1,0,0,1,1,2,1,0,2,0,1,0,0.33333333333333304,1
330,0,1,1,0,1,0,0,14,0,1,0,0,1,1,2,1,0,2,0,2,1,0.5,1
331,0,2,1,0,1,0,0,12,0,1,0,0,1,1,2,1,0,1,0,1,1,0.33333333333333304,1
332,0,2,1,0,2,0,0,18,0,1,0,1,1,1,3,1,0,2,0,1,0,0.5,1
333,0,1,1,0,1,0,0,14,0,1,0,0,1,1,3,1,0,1,1,1,1,0.33333333333333304,1
334,0,3,1,0,1,0,0,15,0,1,0,0,1,1,3,1,0,2,0,1,1,0.5,1
335,0,1,1,0,4,0,0,17,0,1,0,0,1,1,2,1,0,4,1,1,1,0.5,1
336,0,4,1,0,2,0,0,16,0,1,0,0,1,1,2,1,0,4,0,1,0,0.5,1
337,0,2,1,0,3,0,1,18,0,1,0,0,1,1,3,1,0,4,0,1,1,0.33333333333333304,1
338,0,1,0,0,1,0,0,19,0,0,1,0,1,1,4,1,1,3,0,2,1,0.33333333333333304,1
339,0,1,0,0,2,0,0,15,0,1,0,0,1,1,3,1,1,3,0,2,1,0.5,1
340,0,3,1,0,3,0,1,15,0,1,0,0,1,1,1,1,0,3,0,1,0,0.33333333333333304,1
341,0,3,1,0,4,0,1,13,0,1,0,0,1,1,2,2,0,4,0,2,1,0.6666666666666665,1
342,0,2,1,0,3,0,0,14,0,1,0,0,1,1,2,1,0,4,0,2,0,0.5,1
343,0,1,1,0,3,0,0,17,0,1,0,0,1,1,4,1,0,4,0,1,1,0.5,1
344,0,2,1,0,4,0,0,17,0,1,0,0,1,1,1,2,0,4,1,1,0,0.5,1
345,0,1,1,0,4,0,1,15,0,1,0,0,1,1,2,1,0,4,0,1,0,0.5,1
346,0,2,1,0,4,0,0,13,0,1,0,0,1,1,1,2,0,4,1,2,0,0.33333333333333304,1
347,0,1,0,0,4,0,0,8,0,1,0,0,1,1,3,1,1,4,0,2,1,0.33333333333333304,1
348,0,1,1,0,2,0,0,16,0,1,0,0,1,1,3,1,0,4,0,2,1,0.33333333333333304,1
349,0,2,1,0,2,0,1,18,0,1,0,0,1,1,4,1,0,3,0,1,1,0.33333333333333304,1
350,0,1,0,0,1,0,0,11,1,1,0,1,1,1,3,1,1,2,0,2,0,0.6666666666666665,1
351,0,1,1,0,2,0,0,15,2,0,1,0,1,1,1,1,0,3,0,1,0,0.833333333333333,1
352,0,2,0,0,3,0,0,11,0,0,1,0,1,1,2,1,1,3,0,1,1,0.6666666666666665,1
353,0,2,1,0,4,0,0,11,0,0,1,0,1,1,2,1,0,1,1,1,0,0.5,1
354,0,2,1,0,1,0,0,15,0,1,0,0,1,1,2,1,0,2,0,2,0,0.5,1
355,0,1,1,0,3,0,0,14,0,1,0,0,1,1,2,1,0,2,0,2,0,0.33333333333333304,1
356,0,1,0,0,4,0,0,17,0,1,0,0,1,1,1,1,1,4,1,1,0,0.33333333333333304,1
357,0,1,1,0,3,0,0,17,0,1,0,0,1,1,3,1,0,4,0,1,0,0.5,1
358,0,4,1,0,3,0,1,15,0,1,0,0,1,1,1,1,0,4,0,2,0,0.5,1
359,0,5,0,0,4,0,0,17,0,1,0,1,1,1,3,2,1,3,0,1,0,0.33333333333333304,1
360,0,1,1,0,3,0,0,14,0,1,0,1,1,1,2,1,0,3,0,1,0,0.5,1
361,0,1,1,0,2,0,1,10,0,1,0,0,1,1,2,1,0,4,0,2,0,0.6666666666666665,1
362,0,3,1,0,4,0,0,13,0,1,0,0,1,1,2,3,0,4,0,1,0,0.5,1
363,0,1,1,0,4,0,0,14,0,1,0,0,1,1,1,1,0,3,0,1,0,0.5,1
364,0,2,1,0,4,0,1,17,0,1,0,0,1,1,1,1,0,4,0,1,0,0.33333333333333304,1
365,0,2,1,0,3,0,0,17,0,1,0,0,1,1,2,1,0,4,0,1,0,0.33333333333333304,1
366,0,1,1,0,3,0,0,13,0,1,0,0,1,1,2,1,0,3,0,1,0,0.33333333333333304,1
367,0,2,1,0,1,0,0,14,0,1,0,0,1,1,2,2,0,2,0,1,0,0.33333333333333304,1
368,0,4,1,0,4,0,0,11,0,1,0,0,1,1,1,3,0,4,0,1,1,0.5,1
369,1,3,1,0,1,0,0,11,0,0,1,0,1,0,3,4,0,1,0,3,0,0.6666666666666665,1
370,0,1,1,0,1,0,0,9,2,1,0,0,1,1,2,1,0,1,0,3,0,0.6666666666666665,1
371,0,4,1,0,2,0,0,10,0,1,0,0,1,1,1,2,0,2,0,1,0,0.5,1
372,0,1,1,0,2,0,0,13,0,0,1,0,1,1,2,1,0,2,0,1,0,0.33333333333333304,1
373,0,2,0,0,2,0,0,10,0,1,0,0,1,1,3,2,1,2,0,1,0,0.33333333333333304,1
374,0,3,1,0,1,0,0,17,0,1,0,0,1,1,3,2,0,3,0,1,0,0.33333333333333304,1
375,0,3,1,0,2,0,0,15,0,1,0,1,1,1,3,2,0,0,0,2,0,0.33333333333333304,1
376,0,2,1,0,1,0,0,14,0,1,0,0,1,1,3,1,0,1,0,2,0,0.5,1
377,0,2,1,0,4,0,0,13,0,1,0,0,1,1,3,2,0,4,0,1,0,0.5,1
378,0,5,1,0,3,0,0,17,0,1,0,0,1,1,1,3,0,3,0,1,1,0.33333333333333304,1
379,0,5,0,0,2,0,0,10,0,1,0,0,1,1,1,5,1,2,0,4,0,0.33333333333333304,1
380,0,3,1,0,4,0,0,13,0,1,0,0,1,1,3,1,0,4,0,1,0,0.33333333333333304,1
381,0,2,1,0,4,0,0,15,0,1,0,0,1,1,3,1,0,4,1,2,0,0.33333333333333304,1
382,0,5,1,0,3,0,0,11,0,1,0,1,1,1,1,2,0,3,0,1,0,0.33333333333333304,1
383,0,4,1,0,2,0,0,12,0,1,0,0,1,1,4,2,0,2,0,1,0,0.5,1
384,0,2,0,0,2,0,0,10,0,0,1,1,1,1,1,2,1,3,0,1,0,0.6666666666666665,1
385,0,1,1,0,2,0,0,10,0,0,1,1,1,1,2,1,0,2,0,4,0,0.5,1
386,0,1,0,0,4,0,0,15,0,1,0,1,1,1,3,1,1,2,0,1,0,0.33333333333333304,1
387,0,2,1,0,2,0,0,15,0,1,0,0,1,1,1,1,0,2,0,1,1,0.5,1
388,0,1,1,0,3,0,0,12,0,1,0,0,1,1,2,1,0,3,0,1,0,0.5,1
389,0,1,1,0,2,0,0,12,0,1,0,0,1,1,2,1,0,2,0,1,0,0.5,1
390,0,1,0,0,2,0,0,14,0,0,1,1,1,1,4,1,1,2,0,2,0,0.5,1
391,0,3,1,0,4,0,0,14,0,1,0,0,1,1,3,1,0,3,0,1,0,0.33333333333333304,1
392,0,3,1,0,2,0,0,15,0,1,0,0,1,1,2,2,0,3,0,1,0,0.33333333333333304,1
393,0,1,1,0,3,0,0,15,0,1,0,0,1,1,4,1,0,3,0,1,0,0.5,1
394,0,3,0,0,2,0,0,16,0,1,0,0,1,1,2,2,1,3,0,1,0,0.33333333333333304,1
395,0,2,1,0,4,0,0,13,0,1,0,0,1,1,2,2,0,4,0,1,0,0.5,1
396,0,3,1,0,4,0,0,17,0,1,0,0,1,1,2,1,0,3,0,1,0,0.5,1
397,0,2,1,0,2,0,0,14,0,1,0,1,1,1,2,1,0,2,0,1,0,0.33333333333333304,1
398,0,2,1,0,3,0,0,14,0,1,0,1,1,1,3,1,0,2,0,1,0,0.5,1
399,0,3,1,0,2,0,0,17,0,1,0,0,1,1,3,2,0,3,0,1,0,0.5,1
400,0,2,0,0,3,0,0,17,0,1,0,0,1,1,3,1,1,4,0,1,0,0.5,1
401,0,3,1,0,3,0,0,14,0,1,0,0,1,1,3,2,0,4,0,1,0,0.5,1
402,0,3,1,0,3,0,1,13,0,1,0,0,1,1,3,1,0,4,0,1,1,0.33333333333333304,1
403,0,2,1,0,1,0,0,15,0,1,0,0,1,1,2,2,0,2,0,2,0,0.33333333333333304,1
404,0,4,1,0,1,0,0,16,0,1,0,0,1,1,2,2,0,2,0,1,1,0.33333333333333304,1
405,1,4,1,0,3,0,0,11,1,1,0,1,1,0,1,3,0,2,0,2,0,0.6666666666666665,1
406,0,1,1,0,1,0,0,13,1,1,0,0,1,1,1,1,0,3,0,1,0,0.33333333333333304,1
407,0,1,1,0,4,0,0,12,2,1,0,0,1,1,3,1,0,4,0,1,1,1.0,1
408,1,3,1,0,2,0,0,12,0,1,0,0,1,0,2,1,0,2,0,1,1,0.5,1
409,0,4,1,0,4,0,0,15,0,1,0,0,1,1,2,1,0,3,0,1,1,0.5,1
410,0,3,1,0,2,0,0,17,0,1,0,0,1,1,2,1,0,2,0,1,1,0.33333333333333304,1
411,0,2,1,0,4,0,1,15,0,1,0,0,1,1,3,1,0,4,0,1,1,0.33333333333333304,1
412,0,1,1,0,2,0,0,17,0,1,0,0,1,1,2,1,0,4,0,1,0,0.5,1
413,1,2,0,0,1,0,0,10,2,1,0,1,1,0,2,5,1,1,0,2,0,1.0,1
414,0,3,0,0,1,0,0,15,0,1,0,0,1,1,3,1,1,1,0,2,1,0.833333333333333,1
415,0,4,1,0,4,0,0,11,1,1,0,0,1,1,1,4,0,4,0,1,0,0.6666666666666665,1
416,0,2,1,0,2,0,0,18,0,1,0,0,1,1,2,1,0,3,0,1,1,0.33333333333333304,1
417,0,2,1,0,2,0,0,17,0,1,0,1,1,1,3,1,0,3,0,1,1,0.5,1
418,0,5,0,0,3,0,0,14,0,1,0,0,1,1,1,4,1,2,0,1,1,0.5,1
419,0,4,1,0,1,0,0,11,0,1,0,0,1,1,1,1,0,2,0,1,1,0.6666666666666665,1
420,0,3,1,0,2,0,0,17,0,1,0,0,1,1,2,1,0,2,0,2,1,0.5,1
421,0,1,1,0,0,0,0,10,1,1,0,0,1,1,1,1,0,1,0,2,1,0.833333333333333,1
422,0,2,1,0,2,0,0,13,0,1,0,0,1,1,2,1,0,3,0,1,0,0.5,1
423,1,3,1,1,3,0,0,11,0,1,0,1,1,0,1,1,0,1,0,2,0,0.16666666666666652,0
424,0,1,0,1,2,0,0,12,0,1,0,0,1,1,2,1,1,2,0,2,0,0.16666666666666652,0
425,0,1,0,1,1,0,0,10,1,0,1,1,1,1,1,1,1,1,0,1,0,0.0,0
426,0,3,0,1,3,0,0,11,0,1,0,1,1,1,1,2,1,3,0,2,0,0.0,0
427,0,2,0,1,3,0,0,17,0,0,1,1,1,1,2,1,1,2,0,2,0,0.16666666666666652,0
428,1,1,0,1,1,0,0,9,0,0,1,1,1,0,1,1,1,2,0,2,0,0.0,0
429,0,3,0,1,4,0,0,11,0,0,1,1,1,1,2,1,1,4,0,1,0,0.16666666666666652,0
430,0,1,1,1,2,0,0,11,0,1,0,0,1,1,3,1,0,1,0,1,0,0.16666666666666652,0
431,0,2,0,1,2,0,0,10,1,0,1,1,1,1,2,1,1,3,0,1,0,0.33333333333333304,0
432,1,2,0,1,1,0,0,7,1,1,0,0,1,0,1,2,1,1,0,1,0,0.33333333333333304,0
433,0,5,0,1,4,0,0,14,0,1,0,0,1,1,1,3,1,4,0,2,0,0.0,0
434,1,1,1,1,2,0,0,11,0,0,1,1,1,0,4,1,0,2,0,2,1,0.16666666666666652,0
435,0,2,0,1,1,0,0,10,0,1,0,1,1,1,2,1,1,1,0,2,1,0.0,0
436,0,2,0,1,1,0,0,8,1,1,0,0,1,1,1,1,1,1,0,2,0,0.0,0
437,0,2,0,1,2,0,0,12,0,0,1,0,1,1,1,1,1,0,0,2,0,0.16666666666666652,0
438,0,3,0,1,3,0,0,12,0,1,0,0,1,1,1,1,1,2,0,2,0,0.33333333333333304,0
439,0,1,0,1,3,0,0,16,0,1,0,0,1,1,1,1,1,3,0,2,0,0.0,0
440,0,5,1,1,1,0,0,0,0,0,1,1,1,1,2,4,0,1,0,2,0,0.16666666666666652,0
441,0,4,1,1,1,0,0,9,0,1,0,0,1,1,2,2,0,1,0,1,0,0.33333333333333304,0
442,0,2,0,1,1,0,1,14,0,1,0,0,1,1,2,1,1,4,0,1,1,0.0,0
443,0,2,0,1,1,0,1,8,0,1,0,0,1,1,2,1,1,4,0,1,1,0.0,0
444,0,2,0,1,4,0,0,11,0,0,1,0,1,1,2,1,1,3,0,3,0,0.16666666666666652,0
445,0,4,0,1,1,0,0,9,0,0,1,0,1,1,2,2,1,1,0,4,0,0.0,0
446,0,1,1,1,3,0,0,11,0,1,0,1,1,1,2,1,0,3,0,1,1,0.0,0
447,1,5,0,1,1,0,0,9,0,0,1,0,1,0,1,5,1,2,0,3,0,0.33333333333333304,0
448,0,1,0,1,4,0,0,17,0,1,0,0,1,1,3,1,1,4,1,2,0,0.16666666666666652,0
449,0,1,0,1,2,0,0,13,0,0,1,0,1,1,1,1,1,1,0,2,0,0.0,0
450,0,2,0,1,3,0,0,15,0,1,0,0,1,1,2,1,1,2,0,3,0,0.16666666666666652,0
451,0,1,0,1,2,0,0,11,0,0,1,0,1,1,2,1,1,1,0,2,0,0.16666666666666652,0
452,0,1,0,1,2,0,0,11,0,1,0,0,1,1,2,1,1,2,0,3,0,0.16666666666666652,0
453,0,2,1,1,2,0,0,8,1,0,1,0,1,1,3,1,0,1,0,1,0,0.16666666666666652,0
454,0,2,1,1,2,0,0,8,1,0,1,0,1,1,3,1,0,1,0,1,0,0.16666666666666652,0
455,0,3,1,1,1,0,0,9,0,1,0,1,1,1,2,3,0,2,0,1,0,0.0,0
456,0,1,1,1,1,0,0,15,0,0,1,1,1,1,2,2,0,1,0,1,0,0.16666666666666652,0
457,0,5,0,1,2,0,0,11,0,1,0,1,1,1,1,5,1,1,0,1,1,0.33333333333333304,0
458,0,1,0,1,1,0,0,13,0,1,0,0,1,1,4,1,1,1,0,4,0,0.16666666666666652,0
459,0,1,0,1,1,0,0,10,0,0,1,1,1,1,3,1,1,1,0,4,0,0.16666666666666652,0
460,0,1,0,1,1,0,0,11,0,1,0,1,1,1,2,1,1,1,0,2,0,0.0,0
461,0,3,0,1,1,0,0,14,0,1,0,1,1,1,1,4,1,1,0,2,0,0.16666666666666652,0
462,0,2,0,1,1,0,0,14,0,0,1,1,1,1,2,1,1,1,0,3,0,0.0,0
463,0,2,0,1,2,0,0,12,0,0,1,0,1,1,3,2,1,2,0,1,0,0.0,0
464,0,4,0,1,1,0,0,11,0,0,1,1,1,1,1,3,1,1,0,2,0,0.16666666666666652,0
465,0,3,1,1,2,0,0,8,1,1,0,0,1,1,2,2,0,1,0,1,0,0.5,0
466,0,3,1,1,1,0,0,11,0,0,1,0,1,1,1,1,0,3,0,2,0,0.0,0
467,0,1,0,1,2,0,0,14,0,1,0,0,1,1,2,1,1,2,0,3,0,0.16666666666666652,0
468,0,2,1,1,2,0,1,13,0,0,1,0,1,1,1,1,0,2,0,3,1,0.0,0
469,0,1,1,1,4,0,0,13,0,0,1,0,1,1,2,1,0,4,1,1,0,0.16666666666666652,0
470,0,1,0,1,3,0,0,12,0,1,0,0,1,1,2,1,1,3,0,1,1,0.0,0
471,0,3,0,1,2,0,0,12,1,0,1,1,1,1,2,2,1,2,0,2,0,0.16666666666666652,0
472,0,1,0,1,2,0,0,16,0,0,1,0,1,1,1,1,1,2,0,3,0,0.16666666666666652,0
473,0,3,1,1,1,0,0,10,0,1,0,1,1,1,1,2,0,2,0,2,0,0.16666666666666652,0
474,0,5,0,1,3,0,0,11,0,1,0,1,1,1,1,3,1,1,0,3,1,0.0,0
475,0,1,1,1,2,0,0,14,0,0,1,0,1,1,3,1,0,2,0,2,0,0.0,0
476,0,1,0,1,1,0,0,8,0,1,0,0,1,1,1,1,1,2,0,1,0,0.16666666666666652,0
477,0,4,1,1,3,0,0,11,0,1,0,0,1,1,1,2,0,3,0,2,0,0.0,0
478,0,1,0,1,1,0,0,8,3,0,1,1,1,1,2,1,1,1,0,2,0,0.16666666666666652,0
479,1,1,1,1,2,0,0,10,0,0,1,0,1,0,1,1,0,2,0,1,0,0.33333333333333304,0
480,1,1,1,1,3,0,0,10,1,1,0,1,1,0,1,1,0,2,0,1,0,0.6666666666666665,0
481,1,1,0,1,1,0,0,11,0,0,1,1,1,0,1,1,1,2,0,3,0,0.33333333333333304,0
482,1,3,0,1,1,0,0,9,0,0,1,1,1,0,1,1,1,1,0,2,0,0.0,0
483,1,2,0,1,2,0,0,11,0,1,0,0,1,0,2,1,1,2,0,3,0,0.16666666666666652,0
484,1,2,1,1,2,0,0,8,0,0,1,0,1,0,1,1,0,2,0,1,0,0.16666666666666652,0
485,0,2,0,1,2,0,0,11,0,1,0,1,1,1,2,1,1,2,0,2,0,0.33333333333333304,0
486,0,4,1,1,2,0,0,10,1,1,0,0,1,1,1,1,0,2,0,1,0,0.16666666666666652,0
487,1,1,0,1,2,0,0,10,2,0,1,0,1,0,3,1,1,3,0,2,0,0.5,0
488,1,1,1,1,1,0,0,9,1,0,1,1,1,0,3,1,0,1,0,1,0,0.6666666666666665,0
489,1,4,0,1,1,0,0,10,1,1,0,0,1,0,1,3,1,1,0,2,0,0.5,0
490,1,1,0,1,1,0,0,10,1,1,0,1,1,0,1,1,1,1,0,2,0,0.5,0
491,0,1,1,1,1,0,0,9,1,1,0,0,1,1,2,4,0,1,0,2,0,0.6666666666666665,0
492,0,1,0,1,2,0,1,10,0,0,1,0,1,1,2,1,1,2,0,1,0,0.16666666666666652,0
493,0,5,1,1,1,0,0,10,0,0,1,0,1,1,1,3,0,0,0,2,0,0.33333333333333304,0
494,1,3,0,1,2,0,0,9,0,1,0,1,1,0,2,1,1,1,0,1,0,0.16666666666666652,0
495,1,1,1,1,3,0,0,13,0,1,0,0,1,0,1,1,0,3,0,1,1,0.16666666666666652,0
496,0,2,0,1,1,0,0,14,0,1,0,0,1,1,1,2,1,1,0,1,0,0.16666666666666652,0
497,0,4,1,1,3,0,0,10,1,0,1,0,1,1,4,3,0,3,0,2,0,0.33333333333333304,0
498,0,1,1,1,1,0,0,14,0,1,0,0,1,1,2,1,0,2,0,1,0,0.16666666666666652,0
499,0,2,1,1,2,0,0,16,0,0,1,0,1,1,1,1,0,2,0,1,0,0.16666666666666652,0
500,1,5,1,1,2,0,0,7,1,1,0,0,1,0,1,5,0,1,0,1,0,0.33333333333333304,0
501,0,5,1,1,3,0,0,13,0,1,0,0,1,1,1,1,0,4,0,1,0,0.16666666666666652,0
502,0,5,0,1,2,0,0,9,1,0,1,0,1,1,4,3,1,2,0,3,0,0.33333333333333304,0
503,0,1,1,1,1,0,0,14,0,1,0,0,1,1,4,1,0,1,0,1,0,0.16666666666666652,0
504,0,1,1,1,2,0,0,13,0,1,0,0,1,1,3,1,0,2,0,1,0,0.6666666666666665,0
505,0,2,0,1,1,0,0,11,0,1,0,1,1,1,1,1,1,1,0,2,1,0.33333333333333304,0
506,0,4,1,1,3,0,0,10,1,1,0,1,1,1,2,2,0,3,0,2,0,0.833333333333333,0
507,0,1,1,1,1,0,0,10,0,0,1,0,1,1,3,1,0,1,0,1,0,0.33333333333333304,0
508,0,2,0,1,2,0,0,9,1,1,0,0,1,1,1,1,1,2,0,3,0,0.33333333333333304,0
509,0,1,0,1,1,0,0,18,0,0,1,1,1,1,2,1,1,1,0,3,0,0.16666666666666652,0
510,0,1,0,1,2,0,0,17,0,0,1,0,1,1,2,1,1,2,0,2,1,0.33333333333333304,0
511,0,1,1,1,0,0,0,10,0,1,0,0,1,1,2,1,0,1,0,2,0,0.33333333333333304,0
512,0,1,0,1,1,0,0,7,1,1,0,1,1,1,2,1,1,1,0,1,0,0.5,0
513,0,3,1,1,1,0,0,8,0,1,0,0,1,1,1,1,0,3,0,1,0,0.16666666666666652,0
514,0,4,1,1,2,0,0,7,0,1,0,0,1,1,1,1,0,3,0,1,0,0.16666666666666652,0
515,0,4,1,1,1,0,0,10,0,0,1,0,1,1,2,1,0,1,0,2,1,0.5,0
516,0,3,0,1,4,0,1,16,0,1,0,0,1,1,2,2,1,4,1,1,1,0.16666666666666652,0
517,0,4,0,1,2,0,0,15,0,1,0,0,1,1,1,1,1,1,0,2,1,0.16666666666666652,0
518,0,3,1,1,4,0,0,8,1,1,0,0,1,1,2,1,0,2,0,1,1,0.5,0
519,0,1,0,1,1,0,0,0,0,1,0,0,1,1,2,1,1,2,0,2,1,0.16666666666666652,0
520,0,3,1,1,1,0,0,8,0,1,0,1,1,1,2,1,0,1,0,3,0,0.16666666666666652,0
521,0,1,0,1,3,0,0,10,0,1,0,1,1,1,2,1,1,2,0,2,0,0.16666666666666652,0
522,0,2,1,1,4,0,1,8,0,1,0,0,1,1,2,1,0,4,0,1,0,0.16666666666666652,0
523,1,5,1,1,4,0,0,6,0,1,0,1,1,0,4,5,0,4,0,1,0,0.5,0
524,0,1,0,1,4,0,0,8,0,0,1,1,1,1,2,1,1,3,0,3,0,0.16666666666666652,0
525,0,2,1,1,4,0,0,16,0,1,0,0,1,1,3,1,0,4,0,1,0,0.33333333333333304,0
526,0,2,0,1,1,0,0,14,0,1,0,0,1,1,1,1,1,4,0,1,0,0.33333333333333304,0
527,0,2,1,1,2,0,0,10,0,0,1,0,1,1,3,2,0,2,0,4,0,0.16666666666666652,0
528,0,2,0,1,2,0,0,9,0,1,0,1,1,1,1,1,1,2,0,1,0,0.33333333333333304,0
529,0,2,1,1,4,0,0,11,0,0,1,0,1,1,1,1,0,4,0,2,0,0.16666666666666652,0
530,0,5,1,1,3,0,0,9,0,1,0,0,1,1,1,5,0,3,0,1,0,0.33333333333333304,0
531,0,3,1,1,1,0,0,10,0,1,0,1,1,1,2,3,0,1,0,3,0,0.33333333333333304,0
532,0,4,1,1,1,0,1,8,0,1,0,0,1,1,2,1,0,2,0,2,0,0.16666666666666652,0
533,0,1,1,1,1,0,0,16,0,1,0,0,1,1,2,1,0,2,0,1,0,0.16666666666666652,0
534,0,5,1,1,4,0,0,12,0,1,0,0,1,1,1,2,0,4,0,1,0,0.16666666666666652,0
535,0,3,0,1,2,0,0,10,0,0,1,0,1,1,2,1,1,1,0,3,0,0.0,0
536,0,3,1,1,2,0,0,14,0,0,1,0,1,1,4,2,0,2,0,3,1,0.0,0
537,0,2,1,1,1,0,0,12,0,1,0,0,1,1,1,1,0,2,0,1,0,0.0,0
538,0,2,0,1,2,0,0,11,0,0,1,0,1,1,3,2,1,2,0,1,0,0.16666666666666652,0
539,0,2,1,1,1,0,0,10,0,1,0,0,1,1,2,2,0,4,0,2,0,0.16666666666666652,0
540,0,2,1,1,2,0,0,11,0,0,1,1,1,1,1,2,0,3,0,2,0,0.33333333333333304,0
541,0,1,0,1,2,0,0,11,0,0,1,0,1,1,2,1,1,2,0,2,0,0.33333333333333304,0
542,0,4,1,1,4,0,0,12,0,1,0,0,1,1,3,1,0,4,0,2,0,0.16666666666666652,0
543,0,3,0,1,4,0,1,8,3,1,0,0,1,1,1,1,1,4,0,3,0,0.33333333333333304,0
544,0,3,0,1,3,0,0,12,0,0,1,0,1,1,1,3,1,1,0,2,0,0.33333333333333304,0
545,0,4,1,1,4,0,0,8,1,1,0,0,1,1,2,3,0,3,0,1,0,0.33333333333333304,0
546,0,1,1,1,4,0,1,16,0,1,0,0,1,1,2,1,0,4,0,1,0,0.33333333333333304,0
547,0,1,0,1,1,0,0,11,0,1,0,0,1,1,1,2,1,4,0,1,0,0.16666666666666652,0
548,0,2,1,1,1,0,0,11,0,1,0,1,1,1,2,1,0,1,0,1,0,0.33333333333333304,0
549,0,3,0,1,2,0,0,18,0,1,0,0,1,1,2,2,1,4,0,2,0,0.33333333333333304,0
550,0,2,1,1,2,0,0,13,0,1,0,0,1,1,2,2,0,2,0,2,0,0.16666666666666652,0
551,0,2,1,1,2,0,0,13,0,1,0,0,1,1,2,2,0,3,0,2,0,0.33333333333333304,0
552,1,4,1,1,1,0,0,10,2,1,0,0,1,0,2,3,0,1,0,1,0,0.6666666666666665,0
553,0,1,1,1,0,0,0,12,0,0,1,0,1,1,1,1,0,1,0,1,0,0.33333333333333304,0
554,1,2,0,1,1,0,0,10,0,1,0,1,1,0,1,2,1,1,0,2,0,0.33333333333333304,0
555,0,1,0,1,2,0,0,13,0,1,0,0,1,1,3,1,1,1,0,1,0,0.16666666666666652,0
556,0,4,0,1,2,0,0,11,0,0,1,0,1,1,1,2,1,1,0,1,0,0.16666666666666652,0
557,0,1,0,1,1,0,0,10,3,1,0,0,1,1,2,1,1,3,0,2,0,0.33333333333333304,0
558,1,5,0,1,2,0,0,10,0,0,1,0,1,0,1,3,1,2,0,2,0,0.33333333333333304,0
559,0,1,0,1,0,0,0,13,1,0,1,1,1,1,1,1,1,1,0,3,0,0.5,0
560,0,3,0,1,1,0,0,10,0,1,0,0,1,1,1,1,1,1,0,2,0,0.33333333333333304,0
561,0,4,1,1,1,0,0,10,0,0,1,1,1,1,2,1,0,1,0,2,0,0.5,0
562,0,1,0,1,2,0,0,12,0,0,1,0,1,1,2,1,1,2,0,1,0,0.16666666666666652,0
563,0,3,1,1,2,0,0,0,1,0,1,0,1,1,1,2,0,2,0,1,0,0.33333333333333304,0
564,0,3,0,1,2,0,0,10,0,1,0,0,1,1,1,2,1,3,0,2,0,0.16666666666666652,0
565,0,4,0,1,1,0,0,9,0,1,0,1,1,1,1,2,1,1,0,2,0,0.16666666666666652,0
566,1,3,0,1,1,0,0,9,1,1,0,0,1,0,1,2,1,1,0,2,0,0.5,0
567,1,2,0,1,2,0,0,0,1,1,0,0,1,0,1,2,1,3,0,1,0,0.5,0
568,0,1,1,1,2,0,0,9,3,0,1,1,1,1,1,1,0,3,0,2,0,0.6666666666666665,0
569,1,3,1,1,3,0,0,8,2,1,0,1,1,0,2,1,0,3,0,1,0,0.5,0
570,0,4,0,1,2,0,0,8,0,1,0,0,1,1,1,2,1,2,0,2,0,0.16666666666666652,0
571,1,3,1,1,1,0,0,9,3,1,0,1,1,0,1,1,0,2,0,2,0,0.6666666666666665,0
572,0,1,1,1,2,0,0,7,2,0,1,0,1,1,2,1,0,3,0,2,0,0.16666666666666652,0
573,0,2,1,1,1,0,0,10,0,0,1,0,1,1,1,1,0,1,0,1,0,0.33333333333333304,0
574,1,4,0,1,1,0,0,10,1,1,0,0,1,0,1,2,1,1,0,2,0,0.833333333333333,0
575,0,4,0,1,3,0,0,10,0,1,0,0,1,1,1,3,1,4,0,1,0,0.5,0
576,0,5,0,1,2,0,0,11,0,1,0,0,1,1,1,5,1,3,0,2,0,0.5,0
577,0,3,0,1,1,0,0,11,1,1,0,0,1,1,2,3,1,1,0,3,0,0.6666666666666665,0
578,0,3,1,1,3,0,1,10,1,1,0,0,1,1,2,2,0,3,0,2,0,0.33333333333333304,0
579,1,3,1,1,3,0,0,9,0,1,0,1,1,0,1,2,0,1,0,1,0,0.5,0
580,0,3,0,1,1,0,0,10,1,1,0,0,1,1,1,3,1,1,0,3,0,0.6666666666666665,0
581,0,1,1,1,2,0,0,8,2,0,1,1,1,1,2,1,0,1,0,2,0,0.5,0
582,1,1,1,1,1,0,0,7,0,0,1,1,1,0,1,1,0,1,0,1,0,0.6666666666666665,0
583,1,1,0,1,2,0,0,0,1,1,0,0,1,0,1,1,1,2,0,2,0,0.5,0
584,0,1,0,1,0,0,0,11,0,1,0,1,1,1,1,1,1,0,0,2,0,0.33333333333333304,0
585,1,2,0,1,1,0,0,8,0,0,1,0,1,0,3,2,1,3,0,2,0,0.33333333333333304,0
586,0,3,1,1,2,0,0,0,0,1,0,0,1,1,2,1,0,4,0,1,0,0.33333333333333304,0
587,0,2,0,1,2,0,0,8,1,1,0,0,1,1,2,1,1,2,0,1,0,0.5,0
588,0,1,1,1,1,0,1,9,0,0,1,0,1,1,1,1,0,4,0,1,0,0.33333333333333304,0
589,0,1,1,1,2,0,0,10,0,1,0,1,1,1,1,1,0,1,0,1,0,0.33333333333333304,0
590,0,2,1,1,1,0,0,7,2,0,1,0,1,1,2,2,0,1,0,3,0,0.5,0
591,0,1,1,1,2,0,0,14,0,1,0,0,1,1,2,1,0,2,0,2,1,0.5,0
592,0,1,1,1,3,0,0,13,0,1,0,0,1,1,1,1,0,3,0,2,0,0.33333333333333304,0
593,0,2,1,1,2,0,0,14,0,1,0,1,1,1,2,1,0,1,0,2,1,0.5,0
594,0,2,1,1,4,0,0,18,0,1,0,0,1,1,2,1,0,4,1,2,1,0.5,0
595,0,1,1,1,4,0,0,17,0,1,0,0,1,1,1,1,0,4,0,1,1,0.5,0
596,0,2,1,1,2,0,0,18,0,1,0,0,1,1,2,1,0,4,0,2,0,0.33333333333333304,0
597,0,1,0,1,2,0,0,0,1,0,1,1,1,1,2,1,1,2,0,3,0,0.5,0
598,0,5,1,1,2,0,0,11,0,0,1,1,1,1,1,5,0,1,0,2,0,0.5,0
599,0,1,0,1,4,0,0,14,0,1,0,1,1,1,1,1,1,4,0,3,0,0.5,0
600,1,4,0,1,1,0,0,14,0,0,1,0,1,0,1,3,1,1,0,3,0,0.33333333333333304,0
601,0,1,1,1,2,0,0,10,0,1,0,0,1,1,2,1,0,2,0,2,0,0.5,0
602,0,4,1,1,2,0,0,13,0,1,0,0,1,1,3,1,0,2,0,2,0,0.5,0
603,0,1,0,1,2,0,0,0,0,1,0,0,1,1,2,1,1,4,0,1,1,0.5,0
604,1,2,1,1,1,0,0,10,1,0,1,1,1,0,2,1,0,1,0,3,0,0.5,0
605,1,3,1,1,1,0,0,0,1,0,1,1,1,0,1,2,0,1,0,2,0,0.6666666666666665,0
606,0,1,1,1,2,0,0,18,0,1,0,0,1,1,4,3,0,4,0,2,0,0.33333333333333304,0
607,0,2,0,1,1,0,0,12,0,1,0,0,1,1,2,1,1,2,0,2,1,0.33333333333333304,0
608,0,2,1,1,1,0,0,11,0,0,1,1,1,1,2,1,0,1,0,1,0,0.5,0
609,1,1,1,1,2,0,0,12,0,0,1,1,1,0,2,1,0,1,0,2,0,0.5,0
610,1,4,0,1,1,0,0,0,3,0,1,1,1,0,2,1,1,1,0,2,0,0.6666666666666665,0
611,0,1,0,1,2,0,0,15,0,1,0,0,1,1,3,1,1,2,0,2,0,0.5,0
612,0,3,0,1,3,0,0,11,1,1,0,0,1,1,2,1,1,4,0,2,0,0.33333333333333304,0
613,0,1,1,1,3,0,0,10,0,0,1,0,1,1,2,1,0,3,0,1,0,0.5,0
614,0,2,0,1,4,0,0,12,0,1,0,0,1,1,2,1,1,4,0,2,0,0.33333333333333304,0
615,0,2,1,1,2,0,0,15,0,0,1,0,1,1,2,1,0,3,0,2,1,0.33333333333333304,0
616,0,2,1,1,1,0,0,14,0,1,0,0,1,1,1,1,0,1,0,2,0,0.5,0
617,0,1,1,1,1,0,0,18,0,1,0,1,1,1,3,1,0,1,0,2,0,0.5,0
618,0,4,0,1,2,0,0,15,0,0,1,1,1,1,2,1,1,1,0,3,0,0.5,0
619,0,3,1,1,3,0,0,13,0,1,0,0,1,1,2,1,0,3,0,2,0,0.5,0
620,0,1,1,1,4,0,0,15,0,1,0,1,1,1,2,1,0,4,0,1,0,0.33333333333333304,0
621,0,2,0,1,2,0,0,13,0,0,1,0,1,1,2,1,1,1,0,2,0,0.33333333333333304,0
622,0,4,0,1,3,0,0,9,0,0,1,1,1,1,2,2,1,1,0,2,0,0.5,0
623,0,2,1,1,4,0,0,16,0,1,0,0,1,1,3,2,0,4,0,2,0,0.5,0
624,0,2,0,1,1,0,0,9,1,1,0,0,1,1,1,1,1,1,0,3,1,0.33333333333333304,0
625,0,2,1,1,3,0,0,10,0,1,0,1,1,1,1,1,0,2,0,2,0,0.5,0
626,0,2,0,1,4,0,0,0,0,1,0,0,1,1,2,4,1,4,1,3,0,0.5,0
627,1,3,0,1,2,0,0,10,0,1,0,1,1,0,1,2,1,1,0,3,0,0.5,0
628,0,1,1,1,2,0,0,12,0,0,1,0,1,1,3,1,0,2,0,1,0,0.33333333333333304,0
629,0,3,0,1,2,0,0,9,0,1,0,0,1,1,1,1,1,1,0,1,0,0.33333333333333304,0
630,0,1,0,1,4,0,0,17,0,1,0,0,1,1,3,1,1,4,0,2,1,0.5,0
631,0,2,0,1,1,0,0,12,0,1,0,0,1,1,3,1,1,1,0,4,0,0.5,0
632,0,1,0,1,1,0,0,9,1,1,0,1,1,1,2,1,1,1,0,2,0,0.6666666666666665,0
633,0,4,0,1,4,0,0,14,0,1,0,0,1,1,2,3,1,4,0,1,0,0.5,0
634,0,2,1,1,3,0,0,16,0,1,0,0,1,1,2,1,0,3,0,1,0,0.5,0
635,0,3,0,1,1,0,0,9,0,1,0,1,1,1,2,2,1,3,0,1,1,0.33333333333333304,0
636,0,4,1,1,4,0,0,19,0,1,0,0,1,1,2,1,0,4,1,1,0,0.5,0
637,0,3,0,1,1,0,0,0,0,1,0,0,1,1,1,1,1,2,0,2,0,0.5,0
638,0,1,1,1,3,0,0,16,0,1,0,0,1,1,2,1,0,2,0,2,0,0.33333333333333304,0
639,0,3,0,1,1,0,0,0,1,0,1,0,1,1,1,1,1,1,0,2,0,0.6666666666666665,0
640,0,3,0,1,2,0,0,0,1,0,1,0,1,1,1,4,1,4,0,2,0,0.5,0
641,0,3,0,1,2,0,0,15,0,0,1,1,1,1,3,1,1,2,0,2,0,0.5,0
642,0,1,1,1,3,0,0,11,0,1,0,0,1,1,2,1,0,4,0,2,0,0.33333333333333304,0
643,0,2,0,1,4,0,0,10,0,1,0,0,1,1,1,2,1,4,0,3,1,0.5,0
644,0,2,0,1,3,0,0,10,1,1,0,0,1,1,3,1,1,2,0,1,0,0.6666666666666665,0
645,0,1,1,1,1,0,0,16,0,1,0,0,1,1,2,1,0,3,0,1,0,0.5,0
646,0,1,1,1,1,0,0,9,0,0,1,0,1,1,2,1,0,1,0,2,0,0.5,0
647,0,4,1,1,1,0,0,10,0,1,0,0,1,1,1,3,0,3,0,2,0,0.33333333333333304,0
648,0,4,0,1,2,0,0,11,0,1,0,0,1,1,1,3,1,3,0,3,0,0.5,0
